date,weather_day,weather_night,temp_high,temp_low,wind_day,wind_night,city_slug,yyyymm,aqi,aqi_quality,aqi_rank,aqi_pm25,aqi_pm10,aqi_no2,aqi_so2,aqi_co,aqi_o3,temp_high_c,temp_low_c,aqi_num,aqi_rank_num,aqi_pm25_num,aqi_pm10_num,aqi_no2_num,aqi_so2_num,aqi_o3_num,aqi_co_num
2025年01月01日,晴,晴,5℃,-10℃,北风 1-3级,北风 1-3级,lanzhou,202501,82,良,160,57,92,66,27,1.33,26,5.0,-10.0,82.0,160.0,57.0,92.0,66.0,27.0,26.0,1.33
2025年01月02日,晴,晴,6℃,-8℃,北风 1-3级,北风 1-3级,lanzhou,202501,86,良,202,49,84,69,27,1.37,22,6.0,-8.0,86.0,202.0,49.0,84.0,69.0,27.0,22.0,1.37
2025年01月03日,多云,多云,5℃,-7℃,北风 1-3级,北风 1-3级,lanzhou,202501,92,良,226,60,100,74,32,1.67,15,5.0,-7.0,92.0,226.0,60.0,100.0,74.0,32.0,15.0,1.67
2025年01月04日,阴,多云,3℃,-8℃,北风 1-3级,北风 1-3级,lanzhou,202501,81,良,154,59,85,65,28,1.52,18,3.0,-8.0,81.0,154.0,59.0,85.0,65.0,28.0,18.0,1.52
2025年01月05日,晴,晴,4℃,-9℃,北风 1-3级,北风 1-3级,lanzhou,202501,119,轻度污染,259,90,114,70,15,1.74,12,4.0,-9.0,119.0,259.0,90.0,114.0,70.0,15.0,12.0,1.74
2025年01月06日,多云,多云,3℃,-9℃,北风 1-3级,北风 1-3级,lanzhou,202501,122,轻度污染,314,93,125,75,20,1.90,21,3.0,-9.0,122.0,314.0,93.0,125.0,75.0,20.0,21.0,1.9
2025年01月07日,多云,多云,3℃,-7℃,北风 1-3级,北风 1-3级,lanzhou,202501,66,良,196,40,70,53,23,0.91,36,3.0,-7.0,66.0,196.0,40.0,70.0,53.0,23.0,36.0,0.91
2025年01月08日,多云,晴,3℃,-8℃,北风 1-3级,北风 1-3级,lanzhou,202501,75,良,267,45,74,60,19,1.22,25,3.0,-8.0,75.0,267.0,45.0,74.0,60.0,19.0,25.0,1.22
2025年01月09日,晴,阴,4℃,-6℃,北风 1-3级,北风 1-3级,lanzhou,202501,68,良,277,49,79,52,23,1.12,34,4.0,-6.0,68.0,277.0,49.0,79.0,52.0,23.0,34.0,1.12
2025年01月10日,小雪,小雪,0℃,-10℃,北风 1-3级,北风 1-3级,lanzhou,202501,68,良,276,32,85,31,12,0.57,58,0.0,-10.0,68.0,276.0,32.0,85.0,31.0,12.0,58.0,0.57
2025年01月11日,晴,晴,6℃,-9℃,北风 1-3级,北风 1-3级,lanzhou,202501,63,良,177,42,76,41,12,0.75,46,6.0,-9.0,63.0,177.0,42.0,76.0,41.0,12.0,46.0,0.75
2025年01月12日,晴,晴,5℃,-11℃,北风 1-3级,北风 1-3级,lanzhou,202501,80,良,242,58,96,64,27,1.38,26,5.0,-11.0,80.0,242.0,58.0,96.0,64.0,27.0,26.0,1.38
2025年01月13日,晴,多云,4℃,-9℃,北风 1-3级,北风 1-3级,lanzhou,202501,85,良,196,62,101,68,30,1.58,24,4.0,-9.0,85.0,196.0,62.0,101.0,68.0,30.0,24.0,1.58
2025年01月14日,晴,晴,0℃,-9℃,北风 1-3级,北风 1-3级,lanzhou,202501,67,良,163,31,84,29,12,0.63,55,0.0,-9.0,67.0,163.0,31.0,84.0,29.0,12.0,55.0,0.63
2025年01月15日,晴,晴,2℃,-9℃,北风 1-3级,北风 1-3级,lanzhou,202501,66,良,235,43,81,52,17,0.98,34,2.0,-9.0,66.0,235.0,43.0,81.0,52.0,17.0,34.0,0.98
2025年01月16日,晴,多云,5℃,-10℃,北风 1-3级,北风 1-3级,lanzhou,202501,90,良,318,67,104,71,22,1.56,23,5.0,-10.0,90.0,318.0,67.0,104.0,71.0,22.0,23.0,1.56
2025年01月17日,多云,晴,4℃,-10℃,北风 1-3级,北风 1-3级,lanzhou,202501,85,良,261,63,102,59,25,1.51,31,4.0,-10.0,85.0,261.0,63.0,102.0,59.0,25.0,31.0,1.51
2025年01月18日,晴,晴,6℃,-8℃,北风 1-3级,北风 1-3级,lanzhou,202501,74,良,156,42,77,59,20,1.19,28,6.0,-8.0,74.0,156.0,42.0,77.0,59.0,20.0,28.0,1.19
2025年01月19日,晴,晴,8℃,-6℃,北风 1-3级,北风 1-3级,lanzhou,202501,92,良,212,65,103,74,25,1.68,26,8.0,-6.0,92.0,212.0,65.0,103.0,74.0,25.0,26.0,1.68
2025年01月20日,晴,晴,9℃,-7℃,北风 1-3级,北风 1-3级,lanzhou,202501,98,良,194,67,101,78,24,1.85,25,9.0,-7.0,98.0,194.0,67.0,101.0,78.0,24.0,25.0,1.85
,,,,,,,lanzhou,202501,,,,,,,,,,,,,,,,,,,
2025年01月21日,晴,晴,9℃,-6℃,北风 1-3级,北风 1-3级,lanzhou,202501,90,良,158,64,98,72,26,1.63,28,9.0,-6.0,90.0,158.0,64.0,98.0,72.0,26.0,28.0,1.63
2025年01月22日,晴,晴,9℃,-5℃,北风 1-3级,北风 1-3级,lanzhou,202501,85,良,171,63,97,66,25,1.54,39,9.0,-5.0,85.0,171.0,63.0,97.0,66.0,25.0,39.0,1.54
2025年01月23日,多云,阴,8℃,-2℃,北风 1-3级,北风 1-3级,lanzhou,202501,115,轻度污染,227,87,123,79,24,1.94,25,8.0,-2.0,115.0,227.0,87.0,123.0,79.0,24.0,25.0,1.94
2025年01月24日,中雪,中雪,0℃,-7℃,北风 1-3级,北风 1-3级,lanzhou,202501,90,良,202,67,114,49,18,1.32,35,0.0,-7.0,90.0,202.0,67.0,114.0,49.0,18.0,35.0,1.32
2025年01月25日,小雪,多云,-4℃,-15℃,北风 1-3级,北风 1-3级,lanzhou,202501,75,良,227,34,100,16,11,0.58,71,-4.0,-15.0,75.0,227.0,34.0,100.0,16.0,11.0,71.0,0.58
2025年01月26日,晴,晴,-4℃,-13℃,北风 1-3级,北风 1-3级,lanzhou,202501,89,良,274,37,128,30,12,0.84,60,-4.0,-13.0,89.0,274.0,37.0,128.0,30.0,12.0,60.0,0.84
2025年01月27日,晴,晴,0℃,-12℃,北风 1-3级,北风 1-3级,lanzhou,202501,82,良,302,55,114,44,15,1.30,48,0.0,-12.0,82.0,302.0,55.0,114.0,44.0,15.0,48.0,1.3
2025年01月28日,晴,晴,2℃,-12℃,北风 1-3级,北风 1-3级,lanzhou,202501,121,轻度污染,320,92,135,53,17,1.57,56,2.0,-12.0,121.0,320.0,92.0,135.0,53.0,17.0,56.0,1.57
2025年01月29日,晴,晴,5℃,-6℃,北风 1-3级,北风 1-3级,lanzhou,202501,213,重度污染,265,163,204,57,21,1.70,59,5.0,-6.0,213.0,265.0,163.0,204.0,57.0,21.0,59.0,1.7
2025年01月30日,多云,多云,3℃,-8℃,北风 1-3级,北风 1-3级,lanzhou,202501,128,轻度污染,272,97,121,50,23,1.62,64,3.0,-8.0,128.0,272.0,97.0,121.0,50.0,23.0,64.0,1.62
2025年01月31日,多云,多云,5℃,-5℃,北风 1-3级,北风 1-3级,lanzhou,202501,82,良,213,61,78,42,15,1.19,57,5.0,-5.0,82.0,213.0,61.0,78.0,42.0,15.0,57.0,1.19
2025年02月01日,多云,阴,4℃,-4℃,北风 1-3级,北风 1-3级,lanzhou,202502,61,良,196,44,64,38,20,0.90,48,4.0,-4.0,61.0,196.0,44.0,64.0,38.0,20.0,48.0,0.9
2025年02月02日,小雪,多云,1℃,-6℃,北风 1-3级,北风 1-3级,lanzhou,202502,63,良,201,30,76,11,12,0.38,76,1.0,-6.0,63.0,201.0,30.0,76.0,11.0,12.0,76.0,0.38
2025年02月03日,晴,晴,2℃,-9℃,北风 1-3级,北风 1-3级,lanzhou,202502,50,优,192,29,50,28,13,0.71,61,2.0,-9.0,50.0,192.0,29.0,50.0,28.0,13.0,61.0,0.71
2025年02月04日,晴,晴,3℃,-9℃,北风 1-3级,北风 1-3级,lanzhou,202502,52,良,221,32,53,29,17,0.77,61,3.0,-9.0,52.0,221.0,32.0,53.0,29.0,17.0,61.0,0.77
2025年02月05日,多云,多云,2℃,-8℃,北风 1-3级,北风 1-3级,lanzhou,202502,43,优,124,22,43,19,13,0.47,73,2.0,-8.0,43.0,124.0,22.0,43.0,19.0,13.0,73.0,0.47
2025年02月06日,多云,多云,3℃,-8℃,北风 1-3级,北风 1-3级,lanzhou,202502,50,优,157,27,51,20,19,0.49,67,3.0,-8.0,50.0,157.0,27.0,51.0,20.0,19.0,67.0,0.49
2025年02月07日,多云,多云,0℃,-8℃,北风 1-3级,北风 1-3级,lanzhou,202502,60,良,231,26,69,22,11,0.53,61,0.0,-8.0,60.0,231.0,26.0,69.0,22.0,11.0,61.0,0.53
2025年02月08日,晴,晴,4℃,-9℃,北风 1-3级,北风 1-3级,lanzhou,202502,62,良,297,36,75,38,18,0.78,49,4.0,-9.0,62.0,297.0,36.0,75.0,38.0,18.0,49.0,0.78
2025年02月09日,晴,晴,6℃,-8℃,北风 1-3级,北风 1-3级,lanzhou,202502,66,良,298,47,83,48,23,1.06,47,6.0,-8.0,66.0,298.0,47.0,83.0,48.0,23.0,47.0,1.06
2025年02月10日,晴,多云,8℃,-6℃,北风 1-3级,北风 1-3级,lanzhou,202502,63,良,214,44,76,45,20,1.03,51,8.0,-6.0,63.0,214.0,44.0,76.0,45.0,20.0,51.0,1.03
2025年02月11日,浮尘,多云,2℃,-7℃,北风 1-3级,北风 1-3级,lanzhou,202502,91,良,253,39,132,20,16,0.55,67,2.0,-7.0,91.0,253.0,39.0,132.0,20.0,16.0,67.0,0.55
2025年02月12日,多云,多云,3℃,-7℃,北风 1-3级,北风 1-3级,lanzhou,202502,90,良,254,50,130,25,13,0.54,65,3.0,-7.0,90.0,254.0,50.0,130.0,25.0,13.0,65.0,0.54
2025年02月13日,多云,多云,5℃,-7℃,北风 1-3级,北风 1-3级,lanzhou,202502,92,良,287,65,133,50,19,1.07,41,5.0,-7.0,92.0,287.0,65.0,133.0,50.0,19.0,41.0,1.07
2025年02月14日,多云,晴,6℃,-6℃,北风 1-3级,北风 1-3级,lanzhou,202502,65,良,177,41,80,44,14,0.84,48,6.0,-6.0,65.0,177.0,41.0,80.0,44.0,14.0,48.0,0.84
2025年02月15日,多云,晴,6℃,-8℃,北风 1-3级,北风 1-3级,lanzhou,202502,58,良,131,35,67,40,16,0.80,53,6.0,-8.0,58.0,131.0,35.0,67.0,40.0,16.0,53.0,0.8
2025年02月16日,晴,多云,8℃,-6℃,北风 1-3级,北风 1-3级,lanzhou,202502,82,良,283,46,115,47,15,0.86,52,8.0,-6.0,82.0,283.0,46.0,115.0,47.0,15.0,52.0,0.86
2025年02月17日,晴,多云,11℃,-5℃,北风 1-3级,北风 1-3级,lanzhou,202502,80,良,298,52,110,54,18,0.97,57,11.0,-5.0,80.0,298.0,52.0,110.0,54.0,18.0,57.0,0.97
2025年02月18日,多云,雨夹雪,8℃,-2℃,北风 1-3级,北风 1-3级,lanzhou,202502,70,良,265,45,91,45,18,0.91,49,8.0,-2.0,70.0,265.0,45.0,91.0,45.0,18.0,49.0,0.91
2025年02月19日,多云,阴,6℃,-2℃,北风 1-3级,北风 1-3级,lanzhou,202502,73,良,286,45,96,25,14,0.66,75,6.0,-2.0,73.0,286.0,45.0,96.0,25.0,14.0,75.0,0.66
2025年02月20日,多云,多云,7℃,-3℃,北风 1-3级,北风 1-3级,lanzhou,202502,66,良,253,48,75,30,11,0.68,78,7.0,-3.0,66.0,253.0,48.0,75.0,30.0,11.0,78.0,0.68
,,,,,,,lanzhou,202502,,,,,,,,,,,,,,,,,,,
2025年02月21日,多云,小雪,8℃,-3℃,北风 1-3级,北风 1-3级,lanzhou,202502,65,良,237,47,69,33,9,0.80,61,8.0,-3.0,65.0,237.0,47.0,69.0,33.0,9.0,61.0,0.8
2025年02月22日,小雪,阴,4℃,-5℃,北风 1-3级,北风 1-3级,lanzhou,202502,70,良,264,51,89,17,11,0.57,82,4.0,-5.0,70.0,264.0,51.0,89.0,17.0,11.0,82.0,0.57
2025年02月23日,多云,阴,6℃,-4℃,北风 1-3级,北风 1-3级,lanzhou,202502,54,良,220,35,58,24,10,0.56,64,6.0,-4.0,54.0,220.0,35.0,58.0,24.0,10.0,64.0,0.56
2025年02月24日,阴,多云,7℃,-4℃,北风 1-3级,北风 1-3级,lanzhou,202502,62,良,223,45,65,43,14,0.83,48,7.0,-4.0,62.0,223.0,45.0,65.0,43.0,14.0,48.0,0.83
2025年02月25日,晴,晴,12℃,-3℃,北风 1-3级,北风 1-3级,lanzhou,202502,66,良,179,45,74,53,12,1.06,46,12.0,-3.0,66.0,179.0,45.0,74.0,53.0,12.0,46.0,1.06
2025年02月26日,晴,晴,14℃,-2℃,北风 1-3级,北风 1-3级,lanzhou,202502,76,良,212,45,78,61,18,1.10,47,14.0,-2.0,76.0,212.0,45.0,78.0,61.0,18.0,47.0,1.1
2025年02月27日,晴,多云,15℃,0℃,北风 1-3级,北风 1-3级,lanzhou,202502,78,良,200,46,81,62,18,1.10,44,15.0,0.0,78.0,200.0,46.0,81.0,62.0,18.0,44.0,1.1
2025年02月28日,晴,多云,17℃,0℃,北风 1-3级,北风 1-3级,lanzhou,202502,88,良,234,50,90,70,21,1.14,41,17.0,0.0,88.0,234.0,50.0,90.0,70.0,21.0,41.0,1.14
2025年03月01日,阴,雨夹雪,10℃,1℃,北风 1-3级,北风 1-3级,lanzhou,202503,82,良,226,49,114,48,13,0.95,47,10.0,1.0,82.0,226.0,49.0,114.0,48.0,13.0,47.0,0.95
2025年03月02日,多云,多云,9℃,-1℃,北风 1-3级,北风 1-3级,lanzhou,202503,54,良,205,34,57,24,7,0.44,74,9.0,-1.0,54.0,205.0,34.0,57.0,24.0,7.0,74.0,0.44
2025年03月03日,晴,晴,12℃,-1℃,北风 1-3级,北风 1-3级,lanzhou,202503,59,良,307,42,53,31,9,0.68,66,12.0,-1.0,59.0,307.0,42.0,53.0,31.0,9.0,66.0,0.68
2025年03月04日,多云,多云,12℃,-3℃,北风 1-3级,北风 1-3级,lanzhou,202503,76,良,318,56,76,32,12,0.72,60,12.0,-3.0,76.0,318.0,56.0,76.0,32.0,12.0,60.0,0.72
2025年03月05日,小雨,雨夹雪,7℃,0℃,北风 1-3级,北风 1-3级,lanzhou,202503,55,良,200,39,59,21,11,0.55,73,7.0,0.0,55.0,200.0,39.0,59.0,21.0,11.0,73.0,0.55
2025年03月06日,阴,多云,8℃,-3℃,北风 1-3级,北风 1-3级,lanzhou,202503,56,良,200,40,58,26,7,0.68,66,8.0,-3.0,56.0,200.0,40.0,58.0,26.0,7.0,66.0,0.68
2025年03月07日,晴,晴,11℃,-2℃,北风 1-3级,北风 1-3级,lanzhou,202503,69,良,233,50,83,37,9,0.70,59,11.0,-2.0,69.0,233.0,50.0,83.0,37.0,9.0,59.0,0.7
2025年03月08日,多云,晴,14℃,-2℃,北风 1-3级,北风 1-3级,lanzhou,202503,75,良,216,52,100,55,17,0.93,53,14.0,-2.0,75.0,216.0,52.0,100.0,55.0,17.0,53.0,0.93
2025年03月09日,晴,晴,16℃,-2℃,北风 1-3级,北风 1-3级,lanzhou,202503,82,良,215,47,114,38,9,0.78,54,16.0,-2.0,82.0,215.0,47.0,114.0,38.0,9.0,54.0,0.78
2025年03月10日,晴,浮尘,18℃,0℃,北风 1-3级,北风 1-3级,lanzhou,202503,74,良,192,44,99,55,12,0.92,49,18.0,0.0,74.0,192.0,44.0,99.0,55.0,12.0,49.0,0.92
2025年03月11日,浮尘,浮尘,12℃,0℃,北风 1-3级,北风 1-3级,lanzhou,202503,231,重度污染,317,85,372,29,8,0.55,64,12.0,0.0,231.0,317.0,85.0,372.0,29.0,8.0,64.0,0.55
2025年03月12日,多云,多云,13℃,1℃,北风 1-3级,北风 1-3级,lanzhou,202503,104,轻度污染,248,52,157,49,15,0.76,48,13.0,1.0,104.0,248.0,52.0,157.0,49.0,15.0,48.0,0.76
2025年03月13日,多云,雨夹雪,14℃,0℃,北风 1-3级,北风 1-3级,lanzhou,202503,108,轻度污染,297,55,165,37,14,0.76,58,14.0,0.0,108.0,297.0,55.0,165.0,37.0,14.0,58.0,0.76
2025年03月14日,雨夹雪,雨夹雪,10℃,-2℃,北风 1-3级,北风 1-3级,lanzhou,202503,60,良,247,36,70,16,6,0.42,74,10.0,-2.0,60.0,247.0,36.0,70.0,16.0,6.0,74.0,0.42
2025年03月15日,多云,晴,3℃,-5℃,北风 1-3级,北风 1-3级,lanzhou,202503,52,良,233,26,55,8,9,0.38,87,3.0,-5.0,52.0,233.0,26.0,55.0,8.0,9.0,87.0,0.38
2025年03月16日,晴,多云,7℃,-5℃,北风 1-3级,北风 1-3级,lanzhou,202503,60,良,315,31,70,27,13,0.58,73,7.0,-5.0,60.0,315.0,31.0,70.0,27.0,13.0,73.0,0.58
2025年03月17日,多云,晴,9℃,-5℃,北风 1-3级,北风 1-3级,lanzhou,202503,53,良,241,31,56,31,14,0.65,65,9.0,-5.0,53.0,241.0,31.0,56.0,31.0,14.0,65.0,0.65
2025年03月18日,晴,晴,12℃,-3℃,北风 1-3级,北风 1-3级,lanzhou,202503,48,优,137,26,45,33,11,0.66,69,12.0,-3.0,48.0,137.0,26.0,45.0,33.0,11.0,69.0,0.66
2025年03月19日,晴,晴,13℃,-2℃,北风 1-3级,北风 1-3级,lanzhou,202503,54,良,150,33,58,42,13,0.77,64,13.0,-2.0,54.0,150.0,33.0,58.0,42.0,13.0,64.0,0.77
2025年03月20日,晴,晴,15℃,-2℃,北风 1-3级,北风 1-3级,lanzhou,202503,64,良,219,38,78,42,16,0.77,65,15.0,-2.0,64.0,219.0,38.0,78.0,42.0,16.0,65.0,0.77
,,,,,,,lanzhou,202503,,,,,,,,,,,,,,,,,,,
2025年03月21日,晴,多云,17℃,1℃,北风 1-3级,北风 1-3级,lanzhou,202503,65,良,205,40,80,44,15,0.73,66,17.0,1.0,65.0,205.0,40.0,80.0,44.0,15.0,66.0,0.73
2025年03月22日,多云,晴,15℃,0℃,北风 1-3级,北风 1-3级,lanzhou,202503,66,良,147,39,83,47,20,0.83,60,15.0,0.0,66.0,147.0,39.0,83.0,47.0,20.0,60.0,0.83
2025年03月23日,晴,浮尘,21℃,2℃,北风 1-3级,北风 1-3级,lanzhou,202503,68,良,107,29,86,34,8,0.56,69,21.0,2.0,68.0,107.0,29.0,86.0,34.0,8.0,69.0,0.56
2025年03月24日,浮尘,晴,25℃,3℃,北风 1-3级,北风 1-3级,lanzhou,202503,79,良,186,37,108,50,17,0.93,48,25.0,3.0,79.0,186.0,37.0,108.0,50.0,17.0,48.0,0.93
2025年03月25日,浮尘,多云,28℃,3℃,北风 1-3级,北风 1-3级,lanzhou,202503,120,轻度污染,276,55,189,61,20,1.03,54,28.0,3.0,120.0,276.0,55.0,189.0,61.0,20.0,54.0,1.03
2025年03月26日,浮尘,浮尘,14℃,-5℃,北风 1-3级,北风 1-3级,lanzhou,202503,300,重度污染,324,234,1008,7,7,0.40,94,14.0,-5.0,300.0,324.0,234.0,1008.0,7.0,7.0,94.0,0.4
2025年03月27日,阴,多云,5℃,-5℃,东北风 1-3级,北风 1-3级,lanzhou,202503,80,良,158,34,109,7,9,0.45,81,5.0,-5.0,80.0,158.0,34.0,109.0,7.0,9.0,81.0,0.45
2025年03月28日,多云,多云,7℃,-3℃,北风 1-3级,北风 1-3级,lanzhou,202503,92,良,252,37,135,10,14,0.47,77,7.0,-3.0,92.0,252.0,37.0,135.0,10.0,14.0,77.0,0.47
2025年03月29日,多云,晴,11℃,-3℃,北风 1-3级,北风 1-3级,lanzhou,202503,68,良,248,33,86,30,12,0.60,54,11.0,-3.0,68.0,248.0,33.0,86.0,30.0,12.0,54.0,0.6
2025年03月30日,晴,多云,13℃,-1℃,北风 1-3级,北风 1-3级,lanzhou,202503,94,良,313,45,137,38,12,0.86,53,13.0,-1.0,94.0,313.0,45.0,137.0,38.0,12.0,53.0,0.86
2025年03月31日,多云,多云,14℃,2℃,北风 1-3级,北风 1-3级,lanzhou,202503,80,良,296,38,110,30,12,0.56,72,14.0,2.0,80.0,296.0,38.0,110.0,30.0,12.0,72.0,0.56
2025年04月01日,多云,多云,15℃,2℃,北风 1-3级,北风 1-3级,lanzhou,202504,123,轻度污染,319,60,196,31,11,0.55,70,15.0,2.0,123.0,319.0,60.0,196.0,31.0,11.0,70.0,0.55
2025年04月02日,多云,晴,18℃,2℃,北风 1-3级,北风 1-3级,lanzhou,202504,118,轻度污染,323,62,186,41,17,0.76,56,18.0,2.0,118.0,323.0,62.0,186.0,41.0,17.0,56.0,0.76
2025年04月03日,多云,多云,19℃,3℃,北风 1-3级,北风 1-3级,lanzhou,202504,98,良,300,51,146,29,14,0.61,77,19.0,3.0,98.0,300.0,51.0,146.0,29.0,14.0,77.0,0.61
2025年04月04日,浮尘,晴,18℃,3℃,北风 1-3级,北风 1-3级,lanzhou,202504,136,轻度污染,320,64,222,23,10,0.43,78,18.0,3.0,136.0,320.0,64.0,222.0,23.0,10.0,78.0,0.43
2025年04月05日,多云,多云,21℃,4℃,北风 1-3级,北风 1-3级,lanzhou,202504,81,良,269,38,112,34,14,0.59,71,21.0,4.0,81.0,269.0,38.0,112.0,34.0,14.0,71.0,0.59
2025年04月06日,多云,晴,21℃,3℃,北风 1-3级,北风 1-3级,lanzhou,202504,70,良,181,32,89,36,18,0.63,65,21.0,3.0,70.0,181.0,32.0,89.0,36.0,18.0,65.0,0.63
2025年04月07日,晴,多云,24℃,5℃,北风 1-3级,北风 1-3级,lanzhou,202504,72,良,159,36,93,35,11,0.68,86,24.0,5.0,72.0,159.0,36.0,93.0,35.0,11.0,86.0,0.68
2025年04月08日,多云,多云,22℃,6℃,北风 1-3级,北风 1-3级,lanzhou,202504,91,良,269,40,132,23,10,0.57,91,22.0,6.0,91.0,269.0,40.0,132.0,23.0,10.0,91.0,0.57
2025年04月09日,浮尘,晴,22℃,7℃,北风 1-3级,北风 1-3级,lanzhou,202504,149,轻度污染,328,69,248,29,11,0.58,72,22.0,7.0,149.0,328.0,69.0,248.0,29.0,11.0,72.0,0.58
2025年04月10日,多云,浮尘,25℃,7℃,北风 1-3级,北风 1-3级,lanzhou,202504,78,良,225,33,107,29,12,0.54,81,25.0,7.0,78.0,225.0,33.0,107.0,29.0,12.0,81.0,0.54
2025年04月11日,浮尘,浮尘,16℃,0℃,北风 1-3级,北风 1-3级,lanzhou,202504,148,轻度污染,296,65,247,21,8,0.41,78,16.0,0.0,148.0,296.0,65.0,247.0,21.0,8.0,78.0,0.41
2025年04月12日,浮尘,晴,18℃,0℃,北风 1-3级,北风 1-3级,lanzhou,202504,300,重度污染,309,282,1158,19,9,0.46,74,18.0,0.0,300.0,309.0,282.0,1158.0,19.0,9.0,74.0,0.46
2025年04月13日,晴,晴,23℃,3℃,北风 1-3级,北风 1-3级,lanzhou,202504,110,轻度污染,204,47,170,32,14,0.73,63,23.0,3.0,110.0,204.0,47.0,170.0,32.0,14.0,63.0,0.73
2025年04月14日,多云,多云,25℃,6℃,北风 1-3级,北风 1-3级,lanzhou,202504,72,良,165,35,93,37,10,0.63,64,25.0,6.0,72.0,165.0,35.0,93.0,37.0,10.0,64.0,0.63
2025年04月15日,晴,晴,26℃,8℃,北风 1-3级,北风 1-3级,lanzhou,202504,75,良,220,34,100,36,15,0.61,65,26.0,8.0,75.0,220.0,34.0,100.0,36.0,15.0,65.0,0.61
2025年04月16日,浮尘,晴,26℃,7℃,北风 1-3级,北风 1-3级,lanzhou,202504,187,中度污染,325,100,324,41,17,0.61,59,26.0,7.0,187.0,325.0,100.0,324.0,41.0,17.0,59.0,0.61
2025年04月17日,晴,多云,29℃,8℃,北风 1-3级,北风 1-3级,lanzhou,202504,92,良,252,47,133,53,19,0.74,57,29.0,8.0,92.0,252.0,47.0,133.0,53.0,19.0,57.0,0.74
2025年04月18日,浮尘,晴,23℃,8℃,北风 1-3级,北风 1-3级,lanzhou,202504,251,重度污染,323,112,386,18,9,0.46,85,23.0,8.0,251.0,323.0,112.0,386.0,18.0,9.0,85.0,0.46
2025年04月19日,浮尘,多云,31℃,12℃,北风 1-3级,北风 1-3级,lanzhou,202504,152,中度污染,322,80,254,39,14,0.67,65,31.0,12.0,152.0,322.0,80.0,254.0,39.0,14.0,65.0,0.67
2025年04月20日,浮尘,小雨,30℃,8℃,北风 1-3级,北风 1-3级,lanzhou,202504,144,轻度污染,322,68,239,30,15,0.59,80,30.0,8.0,144.0,322.0,68.0,239.0,30.0,15.0,80.0,0.59
,,,,,,,lanzhou,202504,,,,,,,,,,,,,,,,,,,
2025年04月21日,多云,浮尘,17℃,5℃,北风 1-3级,北风 1-3级,lanzhou,202504,94,良,303,47,138,10,8,0.36,90,17.0,5.0,94.0,303.0,47.0,138.0,10.0,8.0,90.0,0.36
2025年04月22日,多云,多云,23℃,7℃,北风 1-3级,北风 1-3级,lanzhou,202504,82,良,294,39,113,28,14,0.65,65,23.0,7.0,82.0,294.0,39.0,113.0,28.0,14.0,65.0,0.65
2025年04月23日,多云,多云,22℃,9℃,北风 1-3级,北风 1-3级,lanzhou,202504,62,良,173,30,73,34,13,0.68,70,22.0,9.0,62.0,173.0,30.0,73.0,34.0,13.0,70.0,0.68
2025年04月24日,多云,多云,24℃,8℃,北风 1-3级,北风 1-3级,lanzhou,202504,59,良,196,27,68,40,10,0.58,75,24.0,8.0,59.0,196.0,27.0,68.0,40.0,10.0,75.0,0.58
2025年04月25日,多云,多云,25℃,9℃,北风 1-3级,北风 1-3级,lanzhou,202504,62,良,201,28,74,37,15,0.60,74,25.0,9.0,62.0,201.0,28.0,74.0,37.0,15.0,74.0,0.6
2025年04月26日,小雨,浮尘,17℃,8℃,北风 1-3级,北风 1-3级,lanzhou,202504,53,良,124,27,56,21,9,0.49,80,17.0,8.0,53.0,124.0,27.0,56.0,21.0,9.0,80.0,0.49
2025年04月27日,小雨,多云,14℃,7℃,北风 1-3级,北风 1-3级,lanzhou,202504,68,良,235,37,87,19,7,0.44,76,14.0,7.0,68.0,235.0,37.0,87.0,19.0,7.0,76.0,0.44
2025年04月28日,多云,多云,23℃,8℃,北风 1-3级,北风 1-3级,lanzhou,202504,52,良,145,27,55,25,13,0.53,79,23.0,8.0,52.0,145.0,27.0,55.0,25.0,13.0,79.0,0.53
2025年04月29日,多云,晴,25℃,9℃,北风 1-3级,北风 1-3级,lanzhou,202504,58,良,89,28,67,40,12,0.61,69,25.0,9.0,58.0,89.0,28.0,67.0,40.0,12.0,69.0,0.61
2025年04月30日,浮尘,晴,26℃,10℃,北风 1-3级,北风 1-3级,lanzhou,202504,101,轻度污染,277,44,152,41,12,0.59,62,26.0,10.0,101.0,277.0,44.0,152.0,41.0,12.0,62.0,0.59
2025年05月01日,晴,晴,31℃,10℃,北风 1-3级,北风 1-3级,lanzhou,202505,60,良,211,26,70,44,13,0.68,63,31.0,10.0,60.0,211.0,26.0,70.0,44.0,13.0,63.0,0.68
2025年05月02日,晴,晴,32℃,10℃,北风 1-3级,北风 1-3级,lanzhou,202505,128,轻度污染,326,69,207,32,17,0.60,66,32.0,10.0,128.0,326.0,69.0,207.0,32.0,17.0,66.0,0.6
2025年05月03日,浮尘,多云,28℃,13℃,北风 1-3级,北风 1-3级,lanzhou,202505,118,轻度污染,321,66,185,14,10,0.40,92,28.0,13.0,118.0,321.0,66.0,185.0,14.0,10.0,92.0,0.4
2025年05月04日,浮尘,浮尘,18℃,6℃,东北风 1-3级,北风 1-3级,lanzhou,202505,126,轻度污染,312,51,201,21,8,0.44,71,18.0,6.0,126.0,312.0,51.0,201.0,21.0,8.0,71.0,0.44
2025年05月05日,多云,晴,24℃,8℃,北风 1-3级,北风 1-3级,lanzhou,202505,106,轻度污染,278,52,162,16,8,0.49,78,24.0,8.0,106.0,278.0,52.0,162.0,16.0,8.0,78.0,0.49
2025年05月06日,浮尘,晴,27℃,9℃,北风 1-3级,北风 1-3级,lanzhou,202505,163,中度污染,306,82,276,29,12,0.51,71,27.0,9.0,163.0,306.0,82.0,276.0,29.0,12.0,71.0,0.51
2025年05月07日,浮尘,小雨,26℃,11℃,北风 1-3级,北风 1-3级,lanzhou,202505,114,轻度污染,285,63,177,18,10,0.44,79,26.0,11.0,114.0,285.0,63.0,177.0,18.0,10.0,79.0,0.44
2025年05月08日,小雨,多云,20℃,5℃,北风 1-3级,北风 1-3级,lanzhou,202505,55,良,120,24,53,17,8,0.43,84,20.0,5.0,55.0,120.0,24.0,53.0,17.0,8.0,84.0,0.43
2025年05月09日,晴,多云,23℃,6℃,北风 1-3级,北风 1-3级,lanzhou,202505,57,良,212,25,64,24,8,0.45,73,23.0,6.0,57.0,212.0,25.0,64.0,24.0,8.0,73.0,0.45
2025年05月10日,晴,晴,24℃,6℃,北风 1-3级,北风 1-3级,lanzhou,202505,52,良,135,23,51,32,10,0.50,73,24.0,6.0,52.0,135.0,23.0,51.0,32.0,10.0,73.0,0.5
2025年05月11日,晴,多云,30℃,12℃,北风 1-3级,北风 1-3级,lanzhou,202505,72,良,263,24,53,47,13,0.66,83,30.0,12.0,72.0,263.0,24.0,53.0,47.0,13.0,83.0,0.66
2025年05月12日,多云,多云,29℃,13℃,北风 1-3级,北风 1-3级,lanzhou,202505,60,良,68,28,69,48,12,0.61,65,29.0,13.0,60.0,68.0,28.0,69.0,48.0,12.0,65.0,0.61
2025年05月13日,浮尘,小雨,30℃,11℃,北风 1-3级,北风 1-3级,lanzhou,202505,83,良,166,40,116,31,14,0.54,77,30.0,11.0,83.0,166.0,40.0,116.0,31.0,14.0,77.0,0.54
2025年05月14日,多云,多云,26℃,12℃,北风 1-3级,北风 1-3级,lanzhou,202505,70,良,147,21,41,20,7,0.38,105,26.0,12.0,70.0,147.0,21.0,41.0,20.0,7.0,105.0,0.38
2025年05月15日,晴,晴,31℃,12℃,北风 1-3级,北风 1-3级,lanzhou,202505,65,良,188,23,53,40,10,0.47,80,31.0,12.0,65.0,188.0,23.0,53.0,40.0,10.0,80.0,0.47
2025年05月16日,多云,多云,31℃,12℃,北风 1-3级,北风 1-3级,lanzhou,202505,60,良,159,26,64,47,12,0.55,71,31.0,12.0,60.0,159.0,26.0,64.0,47.0,12.0,71.0,0.55
2025年05月17日,浮尘,晴,30℃,12℃,北风 1-3级,北风 1-3级,lanzhou,202505,178,中度污染,321,110,305,18,10,0.39,88,30.0,12.0,178.0,321.0,110.0,305.0,18.0,10.0,88.0,0.39
2025年05月18日,晴,晴,32℃,15℃,北风 1-3级,北风 1-3级,lanzhou,202505,68,良,202,30,64,28,11,0.46,92,32.0,15.0,68.0,202.0,30.0,64.0,28.0,11.0,92.0,0.46
2025年05月19日,晴,多云,34℃,16℃,北风 1-3级,北风 1-3级,lanzhou,202505,64,良,171,28,72,42,17,0.63,76,34.0,16.0,64.0,171.0,28.0,72.0,42.0,17.0,76.0,0.63
2025年05月20日,晴,多云,34℃,16℃,北风 1-3级,北风 1-3级,lanzhou,202505,68,良,190,29,68,41,16,0.60,82,34.0,16.0,68.0,190.0,29.0,68.0,41.0,16.0,82.0,0.6
,,,,,,,lanzhou,202505,,,,,,,,,,,,,,,,,,,
2025年05月21日,浮尘,小雨,32℃,12℃,北风 1-3级,北风 1-3级,lanzhou,202505,64,良,194,34,79,39,10,0.57,67,32.0,12.0,64.0,194.0,34.0,79.0,39.0,10.0,67.0,0.57
2025年05月22日,多云,多云,26℃,10℃,北风 1-3级,北风 1-3级,lanzhou,202505,59,良,163,30,67,19,8,0.39,86,26.0,10.0,59.0,163.0,30.0,67.0,19.0,8.0,86.0,0.39
2025年05月23日,多云,多云,23℃,9℃,北风 1-3级,北风 1-3级,lanzhou,202505,59,良,211,24,49,19,11,0.37,91,23.0,9.0,59.0,211.0,24.0,49.0,19.0,11.0,91.0,0.37
2025年05月24日,晴,阵雨,26℃,8℃,北风 1-3级,北风 1-3级,lanzhou,202505,68,良,225,21,43,26,10,0.44,88,26.0,8.0,68.0,225.0,21.0,43.0,26.0,10.0,88.0,0.44
2025年05月25日,晴,晴,27℃,11℃,北风 1-3级,北风 1-3级,lanzhou,202505,64,良,151,22,35,24,8,0.42,87,27.0,11.0,64.0,151.0,22.0,35.0,24.0,8.0,87.0,0.42
2025年05月26日,多云,多云,27℃,13℃,北风 1-3级,北风 1-3级,lanzhou,202505,58,良,105,28,57,46,16,0.58,62,27.0,13.0,58.0,105.0,28.0,57.0,46.0,16.0,62.0,0.58
2025年05月27日,多云,晴,29℃,11℃,北风 1-3级,北风 1-3级,lanzhou,202505,51,良,83,25,49,33,7,0.48,73,29.0,11.0,51.0,83.0,25.0,49.0,33.0,7.0,73.0,0.48
2025年05月28日,晴,晴,33℃,14℃,北风 1-3级,北风 1-3级,lanzhou,202505,64,良,155,20,37,14,6,0.40,93,33.0,14.0,64.0,155.0,20.0,37.0,14.0,6.0,93.0,0.4
2025年05月29日,多云,小雨,31℃,10℃,东风 1-3级,北风 1-3级,lanzhou,202505,61,良,147,22,44,10,6,0.39,92,31.0,10.0,61.0,147.0,22.0,44.0,10.0,6.0,92.0,0.39
2025年05月30日,阴,多云,20℃,10℃,北风 1-3级,北风 1-3级,lanzhou,202505,116,轻度污染,271,59,182,14,10,0.33,97,20.0,10.0,116.0,271.0,59.0,182.0,14.0,10.0,97.0,0.33
2025年05月31日,多云,阴,27℃,15℃,北风 1-3级,北风 1-3级,lanzhou,202505,76,良,216,41,103,25,11,0.48,79,27.0,15.0,76.0,216.0,41.0,103.0,25.0,11.0,79.0,0.48
2025年06月01日,阴,多云,25℃,13℃,北风 1-3级,北风 1-3级,lanzhou,202506,66,良,208,25,41,16,8,0.33,92,25.0,13.0,66.0,208.0,25.0,41.0,16.0,8.0,92.0,0.33
2025年06月02日,多云,多云,27℃,13℃,北风 1-3级,北风 1-3级,lanzhou,202506,58,良,217,24,48,28,11,0.42,80,27.0,13.0,58.0,217.0,24.0,48.0,28.0,11.0,80.0,0.42
2025年06月03日,多云,多云,27℃,10℃,北风 1-3级,北风 1-3级,lanzhou,202506,67,良,229,22,44,23,9,0.40,90,27.0,10.0,67.0,229.0,22.0,44.0,23.0,9.0,90.0,0.4
2025年06月04日,多云,晴,29℃,14℃,北风 1-3级,北风 1-3级,lanzhou,202506,59,良,174,17,37,23,7,0.34,86,29.0,14.0,59.0,174.0,17.0,37.0,23.0,7.0,86.0,0.34
2025年06月05日,晴,多云,29℃,16℃,北风 1-3级,北风 1-3级,lanzhou,202506,68,良,159,22,44,32,11,0.45,88,29.0,16.0,68.0,159.0,22.0,44.0,32.0,11.0,88.0,0.45
2025年06月06日,多云,阵雨,29℃,16℃,北风 1-3级,北风 1-3级,lanzhou,202506,67,良,156,25,49,36,13,0.46,93,29.0,16.0,67.0,156.0,25.0,49.0,36.0,13.0,93.0,0.46
2025年06月07日,多云,多云,28℃,15℃,北风 1-3级,北风 1-3级,lanzhou,202506,78,良,259,25,56,28,10,0.39,103,28.0,15.0,78.0,259.0,25.0,56.0,28.0,10.0,103.0,0.39
2025年06月08日,多云,多云,32℃,18℃,北风 1-3级,北风 1-3级,lanzhou,202506,64,良,195,28,63,24,12,0.40,95,32.0,18.0,64.0,195.0,28.0,63.0,24.0,12.0,95.0,0.4
2025年06月09日,阵雨,多云,27℃,14℃,北风 1-3级,北风 1-3级,lanzhou,202506,60,良,193,25,37,15,7,0.38,92,27.0,14.0,60.0,193.0,25.0,37.0,15.0,7.0,92.0,0.38
2025年06月10日,晴,晴,33℃,14℃,北风 1-3级,北风 1-3级,lanzhou,202506,52,良,186,25,50,33,10,0.58,68,33.0,14.0,52.0,186.0,25.0,50.0,33.0,10.0,68.0,0.58
2025年06月11日,晴,晴,35℃,15℃,北风 1-3级,北风 1-3级,lanzhou,202506,73,良,195,22,50,36,11,0.58,85,35.0,15.0,73.0,195.0,22.0,50.0,36.0,11.0,85.0,0.58
2025年06月12日,晴,多云,35℃,17℃,北风 1-3级,北风 1-3级,lanzhou,202506,80,良,216,27,60,38,10,0.51,92,35.0,17.0,80.0,216.0,27.0,60.0,38.0,10.0,92.0,0.51
2025年06月13日,多云,小到中雨,33℃,15℃,北风 1-3级,北风 1-3级,lanzhou,202506,82,良,227,34,84,27,13,0.51,99,33.0,15.0,82.0,227.0,34.0,84.0,27.0,13.0,99.0,0.51
2025年06月14日,阵雨,晴,27℃,11℃,北风 1-3级,北风 1-3级,lanzhou,202506,67,良,218,24,45,11,8,0.39,98,27.0,11.0,67.0,218.0,24.0,45.0,11.0,8.0,98.0,0.39
2025年06月15日,晴,晴,30℃,13℃,北风 1-3级,北风 1-3级,lanzhou,202506,95,良,284,24,48,17,10,0.38,123,30.0,13.0,95.0,284.0,24.0,48.0,17.0,10.0,123.0,0.38
2025年06月16日,晴,晴,33℃,16℃,北风 1-3级,北风 1-3级,lanzhou,202506,77,良,259,22,46,32,16,0.57,95,33.0,16.0,77.0,259.0,22.0,46.0,32.0,16.0,95.0,0.57
2025年06月17日,多云,多云,32℃,18℃,北风 1-3级,北风 1-3级,lanzhou,202506,74,良,192,27,57,42,14,0.63,88,32.0,18.0,74.0,192.0,27.0,57.0,42.0,14.0,88.0,0.63
2025年06月18日,多云,多云,32℃,19℃,北风 1-3级,北风 1-3级,lanzhou,202506,68,良,209,28,62,33,14,0.55,88,32.0,19.0,68.0,209.0,28.0,62.0,33.0,14.0,88.0,0.55
2025年06月19日,小雨,多云,25℃,17℃,北风 1-3级,北风 1-3级,lanzhou,202506,72,良,286,23,42,14,9,0.39,106,25.0,17.0,72.0,286.0,23.0,42.0,14.0,9.0,106.0,0.39
2025年06月20日,多云,多云,31℃,17℃,北风 1-3级,北风 1-3级,lanzhou,202506,59,良,251,25,44,30,11,0.64,79,31.0,17.0,59.0,251.0,25.0,44.0,30.0,11.0,79.0,0.64
,,,,,,,lanzhou,202506,,,,,,,,,,,,,,,,,,,
2025年06月21日,多云,小雨,33℃,18℃,北风 1-3级,北风 1-3级,lanzhou,202506,68,良,241,23,44,29,12,0.58,92,33.0,18.0,68.0,241.0,23.0,44.0,29.0,12.0,92.0,0.58
2025年06月22日,小雨,多云,26℃,16℃,北风 1-3级,北风 1-3级,lanzhou,202506,72,良,232,16,19,13,8,0.45,109,26.0,16.0,72.0,232.0,16.0,19.0,13.0,8.0,109.0,0.45
2025年06月23日,多云,中雨,29℃,16℃,南风 3-4级,西风 3-4级,lanzhou,202506,68,良,207,20,30,20,10,0.52,90,29.0,16.0,68.0,207.0,20.0,30.0,20.0,10.0,90.0,0.52
2025年06月24日,小到中雨,阴,22℃,14℃,北风 1-3级,北风 1-3级,lanzhou,202506,57,良,158,25,28,21,8,0.53,84,22.0,14.0,57.0,158.0,25.0,28.0,21.0,8.0,84.0,0.53
2025年06月25日,多云,阵雨,27℃,15℃,北风 1-3级,北风 1-3级,lanzhou,202506,62,良,159,20,28,24,9,0.55,80,27.0,15.0,62.0,159.0,20.0,28.0,24.0,9.0,80.0,0.55
2025年06月26日,多云,阵雨,30℃,15℃,北风 1-3级,北风 1-3级,lanzhou,202506,64,良,178,23,41,30,11,0.58,80,30.0,15.0,64.0,178.0,23.0,41.0,30.0,11.0,80.0,0.58
2025年06月27日,晴,晴,32℃,16℃,北风 1-3级,北风 1-3级,lanzhou,202506,68,良,208,19,31,28,8,0.47,87,32.0,16.0,68.0,208.0,19.0,31.0,28.0,8.0,87.0,0.47
2025年06月28日,晴,多云,33℃,19℃,北风 1-3级,北风 1-3级,lanzhou,202506,79,良,274,20,38,31,12,0.49,97,33.0,19.0,79.0,274.0,20.0,38.0,31.0,12.0,97.0,0.49
2025年06月29日,中雨,小到中雨,27℃,14℃,北风 1-3级,北风 1-3级,lanzhou,202506,55,良,209,29,60,25,8,0.45,75,27.0,14.0,55.0,209.0,29.0,60.0,25.0,8.0,75.0,0.45
2025年06月30日,晴,多云,30℃,14℃,北风 1-3级,北风 1-3级,lanzhou,202506,71,良,289,22,31,22,8,0.48,99,30.0,14.0,71.0,289.0,22.0,31.0,22.0,8.0,99.0,0.48
2025年07月01日,多云,阵雨,28℃,16℃,北风 1-3级,北风 1-3级,lanzhou,202507,54,良,235,28,48,43,13,0.62,55,28.0,16.0,54.0,235.0,28.0,48.0,43.0,13.0,55.0,0.62
2025年07月02日,晴,多云,32℃,18℃,北风 1-3级,北风 1-3级,lanzhou,202507,59,良,256,31,49,37,9,0.58,78,32.0,18.0,59.0,256.0,31.0,49.0,37.0,9.0,78.0,0.58
2025年07月03日,多云,小雨,30℃,16℃,北风 1-3级,北风 1-3级,lanzhou,202507,72,良,295,26,51,28,13,0.48,94,30.0,16.0,72.0,295.0,26.0,51.0,28.0,13.0,94.0,0.48
2025年07月04日,小到中雨,多云,22℃,13℃,北风 1-3级,北风 1-3级,lanzhou,202507,63,良,224,23,35,16,7,0.32,96,22.0,13.0,63.0,224.0,23.0,35.0,16.0,7.0,96.0,0.32
2025年07月05日,多云,阵雨,28℃,15℃,北风 1-3级,北风 1-3级,lanzhou,202507,62,良,194,18,29,22,9,0.46,84,28.0,15.0,62.0,194.0,18.0,29.0,22.0,9.0,84.0,0.46
2025年07月06日,多云,晴,28℃,15℃,北风 1-3级,北风 1-3级,lanzhou,202507,65,良,192,17,27,18,8,0.35,91,28.0,15.0,65.0,192.0,17.0,27.0,18.0,8.0,91.0,0.35
2025年07月07日,晴,多云,33℃,17℃,北风 1-3级,北风 1-3级,lanzhou,202507,71,良,215,20,33,19,10,0.43,90,33.0,17.0,71.0,215.0,20.0,33.0,19.0,10.0,90.0,0.43
2025年07月08日,阵雨,多云,28℃,18℃,北风 1-3级,北风 1-3级,lanzhou,202507,48,优,155,18,25,14,7,0.37,76,28.0,18.0,48.0,155.0,18.0,25.0,14.0,7.0,76.0,0.37
2025年07月09日,晴,晴,32℃,17℃,北风 1-3级,北风 1-3级,lanzhou,202507,62,良,260,23,39,21,10,0.58,83,32.0,17.0,62.0,260.0,23.0,39.0,21.0,10.0,83.0,0.58
2025年07月10日,晴,晴,34℃,19℃,北风 1-3级,北风 1-3级,lanzhou,202507,63,良,277,19,38,21,8,0.45,73,34.0,19.0,63.0,277.0,19.0,38.0,21.0,8.0,73.0,0.45
2025年07月11日,晴,晴,34℃,20℃,北风 1-3级,北风 1-3级,lanzhou,202507,48,优,182,17,31,14,6,0.36,73,34.0,20.0,48.0,182.0,17.0,31.0,14.0,6.0,73.0,0.36
2025年07月12日,晴,晴,34℃,20℃,北风 1-3级,北风 1-3级,lanzhou,202507,46,优,170,17,28,11,6,0.35,70,34.0,20.0,46.0,170.0,17.0,28.0,11.0,6.0,70.0,0.35
2025年07月13日,晴,晴,34℃,21℃,北风 1-3级,北风 1-3级,lanzhou,202507,53,良,208,19,30,12,7,0.36,84,34.0,21.0,53.0,208.0,19.0,30.0,12.0,7.0,84.0,0.36
2025年07月14日,晴,晴,35℃,22℃,北风 1-3级,北风 1-3级,lanzhou,202507,61,良,191,21,39,15,7,0.50,86,35.0,22.0,61.0,191.0,21.0,39.0,15.0,7.0,86.0,0.5
2025年07月15日,晴,晴,37℃,24℃,北风 1-3级,北风 1-3级,lanzhou,202507,61,良,189,25,52,25,9,0.52,80,37.0,24.0,61.0,189.0,25.0,52.0,25.0,9.0,80.0,0.52
2025年07月16日,多云,多云,37℃,24℃,北风 1-3级,北风 1-3级,lanzhou,202507,68,良,231,27,59,24,11,0.47,87,37.0,24.0,68.0,231.0,27.0,59.0,24.0,11.0,87.0,0.47
2025年07月17日,多云,多云,36℃,23℃,北风 1-3级,北风 1-3级,lanzhou,202507,68,良,198,25,51,18,7,0.48,88,36.0,23.0,68.0,198.0,25.0,51.0,18.0,7.0,88.0,0.48
2025年07月18日,多云,中雨,33℃,21℃,北风 1-3级,北风 1-3级,lanzhou,202507,66,良,186,25,63,14,9,0.48,95,33.0,21.0,66.0,186.0,25.0,63.0,14.0,9.0,95.0,0.48
2025年07月19日,多云,小雨,26℃,18℃,北风 1-3级,北风 1-3级,lanzhou,202507,78,良,251,40,106,14,8,0.39,89,26.0,18.0,78.0,251.0,40.0,106.0,14.0,8.0,89.0,0.39
2025年07月20日,多云,晴,28℃,17℃,北风 1-3级,北风 1-3级,lanzhou,202507,51,良,191,17,30,20,7,0.40,83,28.0,17.0,51.0,191.0,17.0,30.0,20.0,7.0,83.0,0.4
,,,,,,,lanzhou,202507,,,,,,,,,,,,,,,,,,,
2025年07月21日,晴,晴,33℃,20℃,北风 1-3级,北风 1-3级,lanzhou,202507,65,良,281,19,37,23,9,0.49,86,33.0,20.0,65.0,281.0,19.0,37.0,23.0,9.0,86.0,0.49
2025年07月22日,晴,晴,34℃,22℃,北风 1-3级,北风 1-3级,lanzhou,202507,69,良,288,17,31,14,8,0.37,93,34.0,22.0,69.0,288.0,17.0,31.0,14.0,8.0,93.0,0.37
2025年07月23日,多云,多云,34℃,22℃,北风 1-3级,北风 1-3级,lanzhou,202507,51,良,263,20,37,16,8,0.46,75,34.0,22.0,51.0,263.0,20.0,37.0,16.0,8.0,75.0,0.46
2025年07月24日,阵雨,中雨,29℃,19℃,西风 1-3级,北风 1-3级,lanzhou,202507,56,良,296,22,37,13,8,0.37,91,29.0,19.0,56.0,296.0,22.0,37.0,13.0,8.0,91.0,0.37
2025年07月25日,小雨,多云,27℃,17℃,北风 1-3级,北风 1-3级,lanzhou,202507,58,良,285,19,33,26,8,0.55,81,27.0,17.0,58.0,285.0,19.0,33.0,26.0,8.0,81.0,0.55
2025年07月26日,晴,晴,33℃,20℃,北风 1-3级,北风 1-3级,lanzhou,202507,73,良,315,21,37,27,11,0.67,88,33.0,20.0,73.0,315.0,21.0,37.0,27.0,11.0,88.0,0.67
2025年07月27日,晴,晴,35℃,20℃,北风 1-3级,北风 1-3级,lanzhou,202507,83,良,323,21,38,25,10,0.52,97,35.0,20.0,83.0,323.0,21.0,38.0,25.0,10.0,97.0,0.52
2025年07月28日,晴,多云,35℃,21℃,北风 1-3级,北风 1-3级,lanzhou,202507,82,良,326,21,38,22,10,0.47,91,35.0,21.0,82.0,326.0,21.0,38.0,22.0,10.0,91.0,0.47
2025年07月29日,阵雨,多云,35℃,20℃,北风 1-3级,北风 1-3级,lanzhou,202507,64,良,269,23,39,23,8,0.57,80,35.0,20.0,64.0,269.0,23.0,39.0,23.0,8.0,80.0,0.57
2025年07月30日,晴,晴,36℃,22℃,北风 1-3级,北风 1-3级,lanzhou,202507,82,良,303,17,34,21,9,0.46,99,36.0,22.0,82.0,303.0,17.0,34.0,21.0,9.0,99.0,0.46
2025年07月31日,多云,阵雨,31℃,21℃,北风 1-3级,北风 1-3级,lanzhou,202507,65,良,241,32,80,12,9,0.41,84,31.0,21.0,65.0,241.0,32.0,80.0,12.0,9.0,84.0,0.41
2025年08月01日,阵雨,多云,32℃,22℃,北风 1-3级,北风 1-3级,lanzhou,202508,69,良,255,28,53,15,10,0.51,99,32.0,22.0,69.0,255.0,28.0,53.0,15.0,10.0,99.0,0.51
2025年08月02日,多云,阵雨,33℃,22℃,北风 1-3级,北风 1-3级,lanzhou,202508,73,良,267,22,40,19,9,0.50,85,33.0,22.0,73.0,267.0,22.0,40.0,19.0,9.0,85.0,0.5
2025年08月03日,中雨,中到大雨,33℃,21℃,北风 1-3级,北风 1-3级,lanzhou,202508,53,良,179,20,42,19,9,0.48,80,33.0,21.0,53.0,179.0,20.0,42.0,19.0,9.0,80.0,0.48
2025年08月04日,小雨,多云,23℃,18℃,北风 1-3级,北风 1-3级,lanzhou,202508,48,优,163,15,22,16,8,0.38,77,23.0,18.0,48.0,163.0,15.0,22.0,16.0,8.0,77.0,0.38
2025年08月05日,阵雨,多云,28℃,19℃,北风 1-3级,北风 1-3级,lanzhou,202508,36,优,94,21,35,24,7,0.42,55,28.0,19.0,36.0,94.0,21.0,35.0,24.0,7.0,55.0,0.42
2025年08月06日,多云,阵雨,30℃,21℃,北风 1-3级,北风 1-3级,lanzhou,202508,46,优,183,24,46,24,8,0.49,64,30.0,21.0,46.0,183.0,24.0,46.0,24.0,8.0,64.0,0.49
2025年08月07日,阵雨,小到中雨,31℃,19℃,北风 1-3级,北风 1-3级,lanzhou,202508,47,优,189,22,40,18,9,0.50,65,31.0,19.0,47.0,189.0,22.0,40.0,18.0,9.0,65.0,0.5
2025年08月08日,小雨,多云,24℃,17℃,北风 1-3级,北风 1-3级,lanzhou,202508,46,优,195,13,20,16,6,0.37,79,24.0,17.0,46.0,195.0,13.0,20.0,16.0,6.0,79.0,0.37
2025年08月09日,多云,多云,28℃,19℃,北风 1-3级,北风 1-3级,lanzhou,202508,48,优,230,17,35,24,7,0.41,66,28.0,19.0,48.0,230.0,17.0,35.0,24.0,7.0,66.0,0.41
2025年08月10日,多云,多云,29℃,17℃,北风 1-3级,北风 1-3级,lanzhou,202508,49,优,213,22,49,34,9,0.57,56,29.0,17.0,49.0,213.0,22.0,49.0,34.0,9.0,56.0,0.57
2025年08月11日,晴,小雨,30℃,17℃,北风 1-3级,北风 1-3级,lanzhou,202508,76,良,299,21,44,23,12,0.51,98,30.0,17.0,76.0,299.0,21.0,44.0,23.0,12.0,98.0,0.51
2025年08月12日,多云,多云,29℃,16℃,北风 1-3级,北风 1-3级,lanzhou,202508,79,良,279,19,33,15,7,0.30,103,29.0,16.0,79.0,279.0,19.0,33.0,15.0,7.0,103.0,0.3
2025年08月13日,晴,阵雨,31℃,16℃,北风 1-3级,北风 1-3级,lanzhou,202508,74,良,286,22,48,26,13,0.41,87,31.0,16.0,74.0,286.0,22.0,48.0,26.0,13.0,87.0,0.41
2025年08月14日,晴,阵雨,32℃,16℃,北风 1-3级,北风 1-3级,lanzhou,202508,72,良,265,18,42,26,12,0.42,82,32.0,16.0,72.0,265.0,18.0,42.0,26.0,12.0,82.0,0.42
2025年08月15日,晴,晴,32℃,18℃,北风 1-3级,北风 1-3级,lanzhou,202508,73,良,301,20,44,32,13,0.45,91,32.0,18.0,73.0,301.0,20.0,44.0,32.0,13.0,91.0,0.45
2025年08月16日,晴,多云,33℃,17℃,北风 1-3级,北风 1-3级,lanzhou,202508,72,良,312,23,48,28,12,0.50,82,33.0,17.0,72.0,312.0,23.0,48.0,28.0,12.0,82.0,0.5
2025年08月17日,晴,多云,33℃,19℃,北风 1-3级,北风 1-3级,lanzhou,202508,55,良,260,17,34,16,7,0.37,79,33.0,19.0,55.0,260.0,17.0,34.0,16.0,7.0,79.0,0.37
2025年08月18日,多云,阵雨,32℃,20℃,北风 1-3级,北风 1-3级,lanzhou,202508,51,良,205,15,31,15,7,0.42,81,32.0,20.0,51.0,205.0,15.0,31.0,15.0,7.0,81.0,0.42
2025年08月19日,多云,多云,31℃,19℃,北风 1-3级,北风 1-3级,lanzhou,202508,68,良,264,17,32,22,7,0.48,82,31.0,19.0,68.0,264.0,17.0,32.0,22.0,7.0,82.0,0.48
2025年08月20日,浮尘,小雨,24℃,16℃,东北风 3-4级,南风 1-3级,lanzhou,202508,114,轻度污染,323,50,178,11,7,0.28,70,24.0,16.0,114.0,323.0,50.0,178.0,11.0,7.0,70.0,0.28
,,,,,,,lanzhou,202508,,,,,,,,,,,,,,,,,,,
2025年08月21日,小雨,多云,22℃,15℃,北风 1-3级,北风 1-3级,lanzhou,202508,46,优,199,14,21,15,7,0.33,76,22.0,15.0,46.0,199.0,14.0,21.0,15.0,7.0,76.0,0.33
2025年08月22日,多云,小到中雨,21℃,16℃,北风 1-3级,北风 1-3级,lanzhou,202508,35,优,112,18,31,28,11,0.57,45,21.0,16.0,35.0,112.0,18.0,31.0,28.0,11.0,45.0,0.57
2025年08月23日,阵雨,晴,28℃,15℃,北风 1-3级,北风 1-3级,lanzhou,202508,65,良,279,17,28,22,8,0.40,89,28.0,15.0,65.0,279.0,17.0,28.0,22.0,8.0,89.0,0.4
2025年08月24日,晴,晴,29℃,16℃,北风 1-3级,北风 1-3级,lanzhou,202508,62,良,298,23,41,28,11,0.50,76,29.0,16.0,62.0,298.0,23.0,41.0,28.0,11.0,76.0,0.5
2025年08月25日,多云,中雨,31℃,19℃,北风 1-3级,东南风 1-3级,lanzhou,202508,48,优,228,17,35,22,9,0.48,61,31.0,19.0,48.0,228.0,17.0,35.0,22.0,9.0,61.0,0.48
2025年08月26日,中雨,小雨,24℃,16℃,北风 1-3级,北风 1-3级,lanzhou,202508,36,优,116,15,20,13,7,0.41,58,24.0,16.0,36.0,116.0,15.0,20.0,13.0,7.0,58.0,0.41
2025年08月27日,中雨,中雨,18℃,15℃,北风 1-3级,北风 1-3级,lanzhou,202508,52,良,210,20,27,19,7,0.40,87,18.0,15.0,52.0,210.0,20.0,27.0,19.0,7.0,87.0,0.4
2025年08月28日,中雨,多云,18℃,12℃,北风 1-3级,北风 1-3级,lanzhou,202508,40,优,132,19,24,26,6,0.41,64,18.0,12.0,40.0,132.0,19.0,24.0,26.0,6.0,64.0,0.41
2025年08月29日,晴,晴,26℃,13℃,北风 1-3级,北风 1-3级,lanzhou,202508,50,优,222,21,33,28,7,0.52,71,26.0,13.0,50.0,222.0,21.0,33.0,28.0,7.0,71.0,0.52
2025年08月30日,晴,晴,28℃,14℃,北风 1-3级,北风 1-3级,lanzhou,202508,59,良,266,25,45,32,11,0.55,67,28.0,14.0,59.0,266.0,25.0,45.0,32.0,11.0,67.0,0.55
2025年08月31日,晴,晴,29℃,15℃,北风 1-3级,北风 1-3级,lanzhou,202508,69,良,312,24,47,38,12,0.63,79,29.0,15.0,69.0,312.0,24.0,47.0,38.0,12.0,79.0,0.63
2025年09月01日,晴,小到中雨,30℃,14℃,北风 1-3级,北风 1-3级,lanzhou,202509,48,优,185,22,45,27,12,0.53,56,30.0,14.0,48.0,185.0,22.0,45.0,27.0,12.0,56.0,0.53
2025年09月02日,小雨,多云,25℃,14℃,北风 1-3级,北风 1-3级,lanzhou,202509,63,良,245,32,76,17,7,0.37,72,25.0,14.0,63.0,245.0,32.0,76.0,17.0,7.0,72.0,0.37
2025年09月03日,多云,多云,28℃,17℃,北风 1-3级,北风 1-3级,lanzhou,202509,60,良,242,28,71,25,10,0.54,63,28.0,17.0,60.0,242.0,28.0,71.0,25.0,10.0,63.0,0.54
2025年09月04日,多云,小到中雨,28℃,14℃,东北风 1-3级,东南风 1-3级,lanzhou,202509,66,良,272,30,81,18,10,0.50,68,28.0,14.0,66.0,272.0,30.0,81.0,18.0,10.0,68.0,0.5
2025年09月05日,多云,晴,23℃,12℃,北风 1-3级,北风 1-3级,lanzhou,202509,62,良,268,28,74,16,7,0.37,77,23.0,12.0,62.0,268.0,28.0,74.0,16.0,7.0,77.0,0.37
2025年09月06日,晴,多云,28℃,13℃,北风 1-3级,北风 1-3级,lanzhou,202509,92,良,320,42,135,34,10,0.62,62,28.0,13.0,92.0,320.0,42.0,135.0,34.0,10.0,62.0,0.62
2025年09月07日,多云,晴,26℃,14℃,北风 1-3级,北风 1-3级,lanzhou,202509,78,良,310,38,106,37,10,0.55,48,26.0,14.0,78.0,310.0,38.0,106.0,37.0,10.0,48.0,0.55
2025年09月08日,晴,晴,28℃,16℃,北风 1-3级,北风 1-3级,lanzhou,202509,67,良,287,32,84,38,13,0.59,66,28.0,16.0,67.0,287.0,32.0,84.0,38.0,13.0,66.0,0.59
2025年09月09日,多云,多云,28℃,15℃,北风 1-3级,北风 1-3级,lanzhou,202509,57,良,249,29,64,36,17,0.60,61,28.0,15.0,57.0,249.0,29.0,64.0,36.0,17.0,61.0,0.6
2025年09月10日,多云,阴,29℃,17℃,北风 1-3级,北风 1-3级,lanzhou,202509,56,良,249,26,57,30,9,0.58,63,29.0,17.0,56.0,249.0,26.0,57.0,30.0,9.0,63.0,0.58
2025年09月11日,多云,多云,29℃,16℃,北风 1-3级,北风 1-3级,lanzhou,202509,57,良,256,23,51,23,16,0.53,73,29.0,16.0,57.0,256.0,23.0,51.0,23.0,16.0,73.0,0.53
2025年09月12日,晴,晴,32℃,15℃,北风 1-3级,北风 1-3级,lanzhou,202509,59,良,262,21,45,26,9,0.38,73,32.0,15.0,59.0,262.0,21.0,45.0,26.0,9.0,73.0,0.38
2025年09月13日,晴,晴,30℃,16℃,北风 1-3级,北风 1-3级,lanzhou,202509,65,良,293,31,80,32,16,0.48,63,30.0,16.0,65.0,293.0,31.0,80.0,32.0,16.0,63.0,0.48
2025年09月14日,晴,多云,30℃,16℃,北风 1-3级,北风 1-3级,lanzhou,202509,74,良,291,34,99,30,13,0.50,80,30.0,16.0,74.0,291.0,34.0,99.0,30.0,13.0,80.0,0.5
2025年09月15日,浮尘,浮尘,27℃,14℃,北风 1-3级,北风 1-3级,lanzhou,202509,128,轻度污染,323,66,206,21,9,0.42,61,27.0,14.0,128.0,323.0,66.0,206.0,21.0,9.0,61.0,0.42
2025年09月16日,多云,小雨,24℃,13℃,北风 1-3级,北风 1-3级,lanzhou,202509,82,良,313,42,113,15,9,0.38,79,24.0,13.0,82.0,313.0,42.0,113.0,15.0,9.0,79.0,0.38
2025年09月17日,阴,小雨,17℃,11℃,北风 1-3级,北风 1-3级,lanzhou,202509,40,优,224,21,34,14,6,0.36,66,17.0,11.0,40.0,224.0,21.0,34.0,14.0,6.0,66.0,0.36
2025年09月18日,小到中雨,晴,19℃,11℃,北风 1-3级,北风 1-3级,lanzhou,202509,26,优,48,16,23,21,7,0.47,40,19.0,11.0,26.0,48.0,16.0,23.0,21.0,7.0,40.0,0.47
2025年09月19日,晴,晴,27℃,11℃,北风 1-3级,北风 1-3级,lanzhou,202509,38,优,201,23,38,24,8,0.62,48,27.0,11.0,38.0,201.0,23.0,38.0,24.0,8.0,48.0,0.62
2025年09月20日,小雨,多云,19℃,12℃,北风 1-3级,北风 1-3级,lanzhou,202509,38,优,179,20,38,27,6,0.54,30,19.0,12.0,38.0,179.0,20.0,38.0,27.0,6.0,30.0,0.54
,,,,,,,lanzhou,202509,,,,,,,,,,,,,,,,,,,
2025年09月21日,小到中雨,多云,19℃,10℃,北风 1-3级,北风 1-3级,lanzhou,202509,46,优,226,28,46,28,8,0.69,23,19.0,10.0,46.0,226.0,28.0,46.0,28.0,8.0,23.0,0.69
2025年09月22日,多云,阵雨,25℃,9℃,北风 1-3级,北风 1-3级,lanzhou,202509,56,良,303,36,62,31,9,0.79,42,25.0,9.0,56.0,303.0,36.0,62.0,31.0,9.0,42.0,0.79
2025年09月23日,晴,晴,22℃,10℃,北风 1-3级,北风 1-3级,lanzhou,202509,56,良,302,18,39,23,9,0.42,83,22.0,10.0,56.0,302.0,18.0,39.0,23.0,9.0,83.0,0.42
2025年09月24日,晴,多云,26℃,8℃,北风 1-3级,北风 1-3级,lanzhou,202509,54,良,307,25,57,35,13,0.65,56,26.0,8.0,54.0,307.0,25.0,57.0,35.0,13.0,56.0,0.65
2025年09月25日,多云,小雨,22℃,14℃,北风 1-3级,北风 1-3级,lanzhou,202509,46,优,222,20,46,20,7,0.53,59,22.0,14.0,46.0,222.0,20.0,46.0,20.0,7.0,59.0,0.53
2025年09月26日,多云,阴,24℃,14℃,北风 1-3级,北风 1-3级,lanzhou,202509,44,优,208,22,44,23,8,0.54,52,24.0,14.0,44.0,208.0,22.0,44.0,23.0,8.0,52.0,0.54
2025年09月27日,小雨,阴,19℃,15℃,北风 1-3级,北风 1-3级,lanzhou,202509,45,优,210,24,45,19,9,0.52,78,19.0,15.0,45.0,210.0,24.0,45.0,19.0,9.0,78.0,0.52
2025年09月28日,多云,多云,21℃,12℃,北风 1-3级,北风 1-3级,lanzhou,202509,46,优,205,26,46,31,6,0.63,63,21.0,12.0,46.0,205.0,26.0,46.0,31.0,6.0,63.0,0.63
2025年09月29日,多云,多云,23℃,11℃,北风 1-3级,北风 1-3级,lanzhou,202509,50,优,220,28,51,34,6,0.63,60,23.0,11.0,50.0,220.0,28.0,51.0,34.0,6.0,60.0,0.63
2025年09月30日,多云,小到中雨,23℃,12℃,北风 1-3级,北风 1-3级,lanzhou,202509,52,良,209,28,54,35,7,0.73,56,23.0,12.0,52.0,209.0,28.0,54.0,35.0,7.0,56.0,0.73
2025年10月01日,小到中雨,多云,18℃,8℃,北风 1-3级,北风 1-3级,lanzhou,202510,48,优,184,21,30,20,5,0.52,76,18.0,8.0,48.0,184.0,21.0,30.0,20.0,5.0,76.0,0.52
2025年10月02日,多云,多云,24℃,10℃,北风 1-3级,北风 1-3级,lanzhou,202510,39,优,131,22,38,31,7,0.70,38,24.0,10.0,39.0,131.0,22.0,38.0,31.0,7.0,38.0,0.7
2025年10月03日,多云,小雨,22℃,11℃,北风 1-3级,北风 1-3级,lanzhou,202510,54,良,279,32,57,28,7,0.64,38,22.0,11.0,54.0,279.0,32.0,57.0,28.0,7.0,38.0,0.64
2025年10月04日,小雨,小雨,18℃,10℃,北风 1-3级,北风 1-3级,lanzhou,202510,64,良,316,30,79,34,8,0.52,44,18.0,10.0,64.0,316.0,30.0,79.0,34.0,8.0,44.0,0.52
2025年10月05日,小雨,小雨,14℃,9℃,北风 1-3级,北风 1-3级,lanzhou,202510,62,良,297,28,73,20,6,0.43,60,14.0,9.0,62.0,297.0,28.0,73.0,20.0,6.0,60.0,0.43
2025年10月06日,小雨,小雨,18℃,9℃,北风 1-3级,北风 1-3级,lanzhou,202510,47,优,266,31,47,23,6,0.71,54,18.0,9.0,47.0,266.0,31.0,47.0,23.0,6.0,54.0,0.71
2025年10月07日,多云,小雨,17℃,10℃,北风 1-3级,北风 1-3级,lanzhou,202510,37,优,159,24,37,19,5,0.57,53,17.0,10.0,37.0,159.0,24.0,37.0,19.0,5.0,53.0,0.57
2025年10月08日,阵雨,小雨,16℃,9℃,北风 1-3级,北风 1-3级,lanzhou,202510,33,优,131,23,29,16,5,0.60,49,16.0,9.0,33.0,131.0,23.0,29.0,16.0,5.0,49.0,0.6
2025年10月09日,阴,小雨,14℃,9℃,北风 1-3级,北风 1-3级,lanzhou,202510,40,优,182,28,33,16,6,0.49,50,14.0,9.0,40.0,182.0,28.0,33.0,16.0,6.0,50.0,0.49
2025年10月10日,阴,小雨,12℃,8℃,北风 1-3级,东南风 1-3级,lanzhou,202510,33,优,126,23,30,18,6,0.44,47,12.0,8.0,33.0,126.0,23.0,30.0,18.0,6.0,47.0,0.44
2025年10月11日,阴,小到中雨,14℃,8℃,北风 1-3级,西北风 1-3级,lanzhou,202510,36,优,150,25,36,25,8,0.58,36,14.0,8.0,36.0,150.0,25.0,36.0,25.0,8.0,36.0,0.58
2025年10月12日,阴,晴,17℃,6℃,北风 1-3级,南风 1-3级,lanzhou,202510,34,优,128,20,29,26,6,0.48,50,17.0,6.0,34.0,128.0,20.0,29.0,26.0,6.0,50.0,0.48
2025年10月13日,晴,晴,22℃,7℃,东风 1-3级,西风 1-3级,lanzhou,202510,52,良,261,29,54,41,8,0.71,37,22.0,7.0,52.0,261.0,29.0,54.0,41.0,8.0,37.0,0.71
2025年10月14日,多云,晴,19℃,6℃,北风 1-3级,西南风 1-3级,lanzhou,202510,52,良,256,29,55,40,8,0.68,29,19.0,6.0,52.0,256.0,29.0,55.0,40.0,8.0,29.0,0.68
2025年10月15日,晴,多云,21℃,4℃,东北风 1-3级,西北风 1-3级,lanzhou,202510,54,良,263,33,58,42,8,0.75,39,21.0,4.0,54.0,263.0,33.0,58.0,42.0,8.0,39.0,0.75
2025年10月16日,多云,小雨,15℃,3℃,东北风 1-3级,南风 1-3级,lanzhou,202510,60,良,293,36,70,33,7,0.59,35,15.0,3.0,60.0,293.0,36.0,70.0,33.0,7.0,35.0,0.59
2025年10月17日,多云,晴,16℃,4℃,东南风 1-3级,西北风 1-3级,lanzhou,202510,36,优,157,25,36,26,5,0.65,50,16.0,4.0,36.0,157.0,25.0,36.0,26.0,5.0,50.0,0.65
2025年10月18日,晴,晴,17℃,5℃,北风 1-3级,西北风 1-3级,lanzhou,202510,52,良,293,32,54,35,6,0.70,35,17.0,5.0,52.0,293.0,32.0,54.0,35.0,6.0,35.0,0.7
2025年10月19日,多云,多云,14℃,6℃,东北风 1-3级,北风 1-3级,lanzhou,202510,56,良,305,31,61,34,6,0.64,46,14.0,6.0,56.0,305.0,31.0,61.0,34.0,6.0,46.0,0.64
2025年10月20日,晴,多云,16℃,5℃,东北风 1-3级,南风 1-3级,lanzhou,202510,54,良,306,32,58,28,7,0.73,36,16.0,5.0,54.0,306.0,32.0,58.0,28.0,7.0,36.0,0.73
,,,,,,,lanzhou,202510,,,,,,,,,,,,,,,,,,,
2025年10月21日,多云,多云,16℃,6℃,东北风 1-3级,东风 1-3级,lanzhou,202510,42,优,239,26,42,18,6,0.63,44,16.0,6.0,42.0,239.0,26.0,42.0,18.0,6.0,44.0,0.63
2025年10月22日,多云,小雨,16℃,7℃,东北风 1-3级,东北风 1-3级,lanzhou,202510,42,优,197,26,42,18,6,0.68,43,16.0,7.0,42.0,197.0,26.0,42.0,18.0,6.0,43.0,0.68
2025年10月23日,阴,多云,12℃,7℃,东风 1-3级,东风 1-3级,lanzhou,202510,32,优,79,20,29,21,5,0.58,48,12.0,7.0,32.0,79.0,20.0,29.0,21.0,5.0,48.0,0.58
2025年10月24日,阴,小雨,14℃,6℃,东北风 1-3级,北风 1-3级,lanzhou,202510,41,优,96,27,41,33,5,0.72,31,14.0,6.0,41.0,96.0,27.0,41.0,33.0,5.0,31.0,0.72
2025年10月25日,小雨,阴,13℃,6℃,东北风 1-3级,北风 1-3级,lanzhou,202510,49,优,141,34,45,25,4,0.56,58,13.0,6.0,49.0,141.0,34.0,45.0,25.0,4.0,58.0,0.56
2025年10月26日,阵雨,多云,14℃,4℃,北风 1-3级,南风 1-3级,lanzhou,202510,44,优,117,27,40,25,4,0.45,63,14.0,4.0,44.0,117.0,27.0,40.0,25.0,4.0,63.0,0.45
2025年10月27日,晴,晴,17℃,3℃,东北风 1-3级,西南风 1-3级,lanzhou,202510,57,良,208,39,64,42,7,0.84,36,17.0,3.0,57.0,208.0,39.0,64.0,42.0,7.0,36.0,0.84
2025年10月28日,晴,多云,17℃,3℃,东北风 1-3级,西南风 1-3级,lanzhou,202510,64,良,187,46,74,47,9,0.79,62,17.0,3.0,64.0,187.0,46.0,74.0,47.0,9.0,62.0,0.79
2025年10月29日,多云,晴,17℃,2℃,北风 1-3级,西南风 1-3级,lanzhou,202510,66,良,208,48,81,50,11,0.97,38,17.0,2.0,66.0,208.0,48.0,81.0,50.0,11.0,38.0,0.97
2025年10月30日,晴,多云,17℃,2℃,东北风 1-3级,西风 1-3级,lanzhou,202510,67,良,238,39,84,47,11,0.76,46,17.0,2.0,67.0,238.0,39.0,84.0,47.0,11.0,46.0,0.76
2025年10月31日,晴,晴,16℃,3℃,东北风 1-3级,西南风 1-3级,lanzhou,202510,66,良,252,35,81,49,8,0.74,39,16.0,3.0,66.0,252.0,35.0,81.0,49.0,8.0,39.0,0.74
2025年11月01日,多云,多云,16℃,3℃,东北风 1-3级,南风 1-3级,lanzhou,202511,68,良,246,43,84,54,9,0.84,38,16.0,3.0,68.0,246.0,43.0,84.0,54.0,9.0,38.0,0.84
2025年11月02日,晴,多云,17℃,4℃,北风 1-3级,南风 1-3级,lanzhou,202511,71,良,290,44,84,57,10,0.86,43,17.0,4.0,71.0,290.0,44.0,84.0,57.0,10.0,43.0,0.86
2025年11月03日,多云,晴,16℃,4℃,东北风 1-3级,南风 1-3级,lanzhou,202511,58,良,231,38,66,45,8,0.77,31,16.0,4.0,58.0,231.0,38.0,66.0,45.0,8.0,31.0,0.77
2025年11月04日,多云,晴,17℃,5℃,东北风 1-3级,南风 1-3级,lanzhou,202511,64,良,239,46,71,46,11,0.96,20,17.0,5.0,64.0,239.0,46.0,71.0,46.0,11.0,20.0,0.96
2025年11月05日,多云,小雨,14℃,6℃,东北风 1-3级,东南风 1-3级,lanzhou,202511,31,优,71,21,31,22,4,0.54,32,14.0,6.0,31.0,71.0,21.0,31.0,22.0,4.0,32.0,0.54
2025年11月06日,阴,小雨,14℃,5℃,北风 1-3级,东风 1-3级,lanzhou,202511,26,优,51,17,23,21,4,0.54,31,14.0,5.0,26.0,51.0,17.0,23.0,21.0,4.0,31.0,0.54
2025年11月07日,多云,多云,10℃,1℃,东北风 1-3级,西风 1-3级,lanzhou,202511,84,良,304,48,118,18,5,0.51,62,10.0,1.0,84.0,304.0,48.0,118.0,18.0,5.0,62.0,0.51
2025年11月08日,多云,多云,10℃,2℃,东北风 1-3级,西风 1-3级,lanzhou,202511,84,良,286,50,119,25,8,0.56,42,10.0,2.0,84.0,286.0,50.0,119.0,25.0,8.0,42.0,0.56
2025年11月09日,多云,小雨,12℃,4℃,北风 1-3级,东北风 1-3级,lanzhou,202511,88,良,313,43,125,34,7,0.70,34,12.0,4.0,88.0,313.0,43.0,125.0,34.0,7.0,34.0,0.7
2025年11月10日,阴,晴,13℃,4℃,北风 1-3级,西风 1-3级,lanzhou,202511,62,良,247,36,74,30,7,0.61,48,13.0,4.0,62.0,247.0,36.0,74.0,30.0,7.0,48.0,0.61
2025年11月11日,多云,晴,13℃,3℃,北风 1-3级,北风 1-3级,lanzhou,202511,62,良,247,45,74,46,9,0.95,20,13.0,3.0,62.0,247.0,45.0,74.0,46.0,9.0,20.0,0.95
2025年11月12日,阴,多云,10℃,0℃,北风 1-3级,西南风 1-3级,lanzhou,202511,66,良,257,37,81,38,9,0.60,38,10.0,0.0,66.0,257.0,37.0,81.0,38.0,9.0,38.0,0.6
2025年11月13日,多云,阴,12℃,1℃,北风 1-3级,西北风 1-3级,lanzhou,202511,68,良,276,42,86,47,13,0.77,32,12.0,1.0,68.0,276.0,42.0,86.0,47.0,13.0,32.0,0.77
2025年11月14日,多云,晴,12℃,-1℃,东北风 1-3级,西风 1-3级,lanzhou,202511,69,良,226,43,80,55,22,0.86,30,12.0,-1.0,69.0,226.0,43.0,80.0,55.0,22.0,30.0,0.86
2025年11月15日,晴,晴,13℃,-3℃,东北风 1-3级,北风 1-3级,lanzhou,202511,71,良,194,50,92,45,13,0.87,43,13.0,-3.0,71.0,194.0,50.0,92.0,45.0,13.0,43.0,0.87
2025年11月16日,多云,多云,7℃,-4℃,东北风 1-3级,北风 1-3级,lanzhou,202511,64,良,210,29,79,21,9,0.40,55,7.0,-4.0,64.0,210.0,29.0,79.0,21.0,9.0,55.0,0.4
2025年11月17日,多云,多云,3℃,-6℃,东北风 1-3级,西北风 1-3级,lanzhou,202511,46,优,221,20,46,9,6,0.35,58,3.0,-6.0,46.0,221.0,20.0,46.0,9.0,6.0,58.0,0.35
2025年11月18日,晴,晴,6℃,-6℃,西北风 1-3级,西风 1-3级,lanzhou,202511,54,良,302,30,59,36,10,0.65,39,6.0,-6.0,54.0,302.0,30.0,59.0,36.0,10.0,39.0,0.65
2025年11月19日,晴,晴,7℃,-5℃,北风 1-3级,北风 1-3级,lanzhou,202511,68,良,306,45,77,54,14,0.85,29,7.0,-5.0,68.0,306.0,45.0,77.0,54.0,14.0,29.0,0.85
2025年11月20日,晴,晴,9℃,-5℃,北风 1-3级,北风 1-3级,lanzhou,202511,79,良,312,54,92,63,15,0.91,33,9.0,-5.0,79.0,312.0,54.0,92.0,63.0,15.0,33.0,0.91
,,,,,,,lanzhou,202511,,,,,,,,,,,,,,,,,,,
2025年11月21日,晴,多云,8℃,-4℃,北风 1-3级,北风 1-3级,lanzhou,202511,82,良,289,58,97,66,20,1.03,29,8.0,-4.0,82.0,289.0,58.0,97.0,66.0,20.0,29.0,1.03
2025年11月22日,多云,晴,8℃,-5℃,北风 1-3级,北风 1-3级,lanzhou,202511,82,良,243,60,99,66,24,1.09,23,8.0,-5.0,82.0,243.0,60.0,99.0,66.0,24.0,23.0,1.09
2025年11月23日,多云,小雪,11℃,-6℃,北风 1-3级,北风 1-3级,lanzhou,202511,140,轻度污染,318,78,231,60,17,1.10,36,11.0,-6.0,140.0,318.0,78.0,231.0,60.0,17.0,36.0,1.1
2025年11月24日,雨夹雪,晴,6℃,-7℃,北风 1-3级,北风 1-3级,lanzhou,202511,66,良,162,35,83,31,5,0.48,57,6.0,-7.0,66.0,162.0,35.0,83.0,31.0,5.0,57.0,0.48
2025年11月25日,晴,晴,9℃,-7℃,北风 1-3级,北风 1-3级,lanzhou,202511,75,良,248,53,94,60,12,1.18,19,9.0,-7.0,75.0,248.0,53.0,94.0,60.0,12.0,19.0,1.18
2025年11月26日,浮尘,浮尘,6℃,-5℃,北风 1-3级,北风 1-3级,lanzhou,202511,110,轻度污染,276,51,170,41,8,0.87,32,6.0,-5.0,110.0,276.0,51.0,170.0,41.0,8.0,32.0,0.87
2025年11月27日,浮尘,晴,14℃,-4℃,北风 1-3级,北风 1-3级,lanzhou,202511,134,轻度污染,275,60,217,63,13,1.26,20,14.0,-4.0,134.0,275.0,60.0,217.0,63.0,13.0,20.0,1.26
2025年11月28日,晴,晴,11℃,-4℃,北风 1-3级,北风 1-3级,lanzhou,202511,82,良,194,46,88,66,17,1.33,20,11.0,-4.0,82.0,194.0,46.0,88.0,66.0,17.0,20.0,1.33
2025年11月29日,晴,晴,11℃,-6℃,北风 1-3级,北风 1-3级,lanzhou,202511,84,良,231,52,92,67,18,1.39,20,11.0,-6.0,84.0,231.0,52.0,92.0,67.0,18.0,20.0,1.39
2025年11月30日,晴,多云,6℃,-5℃,北风 1-3级,北风 1-3级,lanzhou,202511,82,良,215,47,114,50,13,0.91,28,6.0,-5.0,82.0,215.0,47.0,114.0,50.0,13.0,28.0,0.91
2025年12月01日,晴,晴,9℃,-7℃,北风 1-3级,北风 1-3级,lanzhou,202512,88,良,230,50,127,46,18,0.91,36,9.0,-7.0,88.0,230.0,50.0,127.0,46.0,18.0,36.0,0.91
2025年12月02日,晴,晴,6℃,-8℃,北风 1-3级,北风 1-3级,lanzhou,202512,66,良,215,32,83,37,12,0.59,43,6.0,-8.0,66.0,215.0,32.0,83.0,37.0,12.0,43.0,0.59
2025年12月03日,晴,多云,5℃,-6℃,北风 1-3级,北风 1-3级,lanzhou,202512,68,良,273,39,86,54,14,0.87,30,5.0,-6.0,68.0,273.0,39.0,86.0,54.0,14.0,30.0,0.87
2025年12月04日,多云,晴,8℃,-6℃,北风 1-3级,北风 1-3级,lanzhou,202512,85,良,315,56,99,68,19,1.23,22,8.0,-6.0,85.0,315.0,56.0,99.0,68.0,19.0,22.0,1.23
2025年12月05日,晴,晴,9℃,-6℃,北风 1-3级,北风 1-3级,lanzhou,202512,94,良,296,67,108,75,25,1.38,22,9.0,-6.0,94.0,296.0,67.0,108.0,75.0,25.0,22.0,1.38
2025年12月06日,晴,多云,8℃,-6℃,北风 1-3级,北风 1-3级,lanzhou,202512,100,良,279,75,116,77,26,1.50,22,8.0,-6.0,100.0,279.0,75.0,116.0,77.0,26.0,22.0,1.5
2025年12月07日,晴,多云,7℃,-6℃,北风 1-3级,北风 1-3级,lanzhou,202512,75,良,180,52,87,60,22,1.20,31,7.0,-6.0,75.0,180.0,52.0,87.0,60.0,22.0,31.0,1.2
2025年12月08日,多云,多云,8℃,-5℃,北风 1-3级,北风 1-3级,lanzhou,202512,81,良,256,50,91,65,22,1.16,28,8.0,-5.0,81.0,256.0,50.0,91.0,65.0,22.0,28.0,1.16
2025年12月09日,多云,晴,9℃,-4℃,北风 1-3级,北风 1-3级,lanzhou,202512,94,良,261,68,111,75,20,1.47,25,9.0,-4.0,94.0,261.0,68.0,111.0,75.0,20.0,25.0,1.47
2025年12月10日,晴,多云,8℃,-6℃,北风 1-3级,北风 1-3级,lanzhou,202512,84,良,191,57,117,60,16,1.39,26,8.0,-6.0,84.0,191.0,57.0,117.0,60.0,16.0,26.0,1.39
2025年12月11日,浮尘,浮尘,9℃,-6℃,北风 1-3级,北风 1-3级,lanzhou,202512,104,轻度污染,245,54,159,49,20,1.06,36,9.0,-6.0,104.0,245.0,54.0,159.0,49.0,20.0,36.0,1.06
2025年12月12日,小雪,多云,0℃,-13℃,北风 1-3级,北风 1-3级,lanzhou,202512,86,良,260,36,121,8,5,0.40,65,0.0,-13.0,86.0,260.0,36.0,121.0,8.0,5.0,65.0,0.4
2025年12月13日,晴,晴,4℃,-11℃,北风 1-3级,北风 1-3级,lanzhou,202512,73,良,287,34,96,36,10,0.89,40,4.0,-11.0,73.0,287.0,34.0,96.0,36.0,10.0,40.0,0.89
2025年12月14日,晴,晴,6℃,-8℃,北风 1-3级,北风 1-3级,lanzhou,202512,81,良,289,57,110,65,13,1.41,22,6.0,-8.0,81.0,289.0,57.0,110.0,65.0,13.0,22.0,1.41
2025年12月15日,晴,晴,9℃,-7℃,北风 1-3级,北风 1-3级,lanzhou,202512,100,良,308,75,129,80,15,1.79,21,9.0,-7.0,100.0,308.0,75.0,129.0,80.0,15.0,21.0,1.79
2025年12月16日,晴,晴,9℃,-5℃,北风 1-3级,北风 1-3级,lanzhou,202512,90,良,253,67,113,69,21,1.50,25,9.0,-5.0,90.0,253.0,67.0,113.0,69.0,21.0,25.0,1.5
2025年12月17日,多云,晴,10℃,-6℃,北风 1-3级,北风 1-3级,lanzhou,202512,96,良,229,66,116,77,20,1.53,21,10.0,-6.0,96.0,229.0,66.0,116.0,77.0,20.0,21.0,1.53
2025年12月18日,多云,晴,12℃,-6℃,北风 1-3级,北风 1-3级,lanzhou,202512,120,轻度污染,255,91,142,92,20,1.83,17,12.0,-6.0,120.0,255.0,91.0,142.0,92.0,20.0,17.0,1.83
2025年12月19日,多云,小雪,6℃,-6℃,北风 1-3级,北风 1-3级,lanzhou,202512,64,良,130,38,79,40,12,0.80,35,6.0,-6.0,64.0,130.0,38.0,79.0,40.0,12.0,35.0,0.8
2025年12月20日,多云,多云,4℃,-7℃,北风 1-3级,北风 1-3级,lanzhou,202512,48,优,119,30,48,21,5,0.41,49,4.0,-7.0,48.0,119.0,30.0,48.0,21.0,5.0,49.0,0.41
,,,,,,,lanzhou,202512,,,,,,,,,,,,,,,,,,,
2025年12月21日,多云,多云,5℃,-6℃,北风 1-3级,北风 1-3级,lanzhou,202512,88,良,311,65,87,49,9,0.99,12,5.0,-6.0,88.0,311.0,65.0,87.0,49.0,9.0,12.0,0.99
2025年12月22日,雾,阴,4℃,-5℃,北风 1-3级,北风 1-3级,lanzhou,202512,82,良,299,61,114,40,11,1.00,23,4.0,-5.0,82.0,299.0,61.0,114.0,40.0,11.0,23.0,1.0
2025年12月23日,多云,多云,4℃,-5℃,北风 1-3级,北风 1-3级,lanzhou,202512,54,良,167,26,57,32,9,0.59,43,4.0,-5.0,54.0,167.0,26.0,57.0,32.0,9.0,43.0,0.59
2025年12月24日,多云,晴,6℃,-6℃,北风 1-3级,北风 1-3级,lanzhou,202512,56,良,185,33,61,34,10,0.78,33,6.0,-6.0,56.0,185.0,33.0,61.0,34.0,10.0,33.0,0.78
2025年12月25日,晴,多云,5℃,-7℃,北风 1-3级,北风 1-3级,lanzhou,202512,60,良,247,37,66,48,11,0.96,28,5.0,-7.0,60.0,247.0,37.0,66.0,48.0,11.0,28.0,0.96
2025年12月26日,晴,晴,6℃,-6℃,北风 1-3级,北风 1-3级,lanzhou,202512,68,良,282,48,79,54,13,1.17,25,6.0,-6.0,68.0,282.0,48.0,79.0,54.0,13.0,25.0,1.17
2025年12月27日,晴,晴,7℃,-7℃,北风 1-3级,北风 1-3级,lanzhou,202512,89,良,292,66,97,61,21,1.50,23,7.0,-7.0,89.0,292.0,66.0,97.0,61.0,21.0,23.0,1.5
2025年12月28日,晴,晴,6℃,-6℃,北风 1-3级,北风 1-3级,lanzhou,202512,108,轻度污染,280,81,117,66,21,1.65,24,6.0,-6.0,108.0,280.0,81.0,117.0,66.0,21.0,24.0,1.65
2025年12月29日,晴,晴,7℃,-7℃,北风 1-3级,北风 1-3级,lanzhou,202512,95,良,248,71,108,64,22,1.58,28,7.0,-7.0,95.0,248.0,71.0,108.0,64.0,22.0,28.0,1.58
2025年12月30日,晴,小雪,6℃,-3℃,北风 1-3级,北风 1-3级,lanzhou,202512,108,轻度污染,243,81,115,66,25,1.66,25,6.0,-3.0,108.0,243.0,81.0,115.0,66.0,25.0,25.0,1.66
2025年12月31日,多云,多云,2℃,-9℃,北风 1-3级,北风 1-3级,lanzhou,202512,70,良,257,51,75,28,10,0.77,40,2.0,-9.0,70.0,257.0,51.0,75.0,28.0,10.0,40.0,0.77
2026年01月01日,晴,多云,1℃,-7℃,北风 1-3级,北风 1-3级,lanzhou,202601,92,良,329,69,86,29,6,0.93,37,1.0,-7.0,92.0,329.0,69.0,86.0,29.0,6.0,37.0,0.93
2026年01月02日,多云,阴,2℃,-4℃,北风 1-3级,北风 1-3级,lanzhou,202601,80,良,282,59,75,32,9,0.88,40,2.0,-4.0,80.0,282.0,59.0,75.0,32.0,9.0,40.0,0.88
2026年01月03日,小雪,多云,1℃,-7℃,北风 1-3级,北风 1-3级,lanzhou,202601,81,良,230,60,70,21,6,0.76,54,1.0,-7.0,81.0,230.0,60.0,70.0,21.0,6.0,54.0,0.76
2026年01月04日,晴,多云,1℃,-9℃,北风 1-3级,北风 1-3级,lanzhou,202601,72,良,205,53,69,31,8,0.94,49,1.0,-9.0,72.0,205.0,53.0,69.0,31.0,8.0,49.0,0.94
2026年01月05日,多云,晴,0℃,-8℃,北风 1-3级,北风 1-3级,lanzhou,202601,50,优,139,35,51,20,8,0.58,62,0.0,-8.0,50.0,139.0,35.0,51.0,20.0,8.0,62.0,0.58
2026年01月06日,晴,多云,2℃,-11℃,北风 1-3级,北风 1-3级,lanzhou,202601,72,良,256,53,77,50,11,1.32,28,2.0,-11.0,72.0,256.0,53.0,77.0,50.0,11.0,28.0,1.32
2026年01月07日,晴,晴,3℃,-10℃,北风 1-3级,北风 1-3级,lanzhou,202601,85,良,319,63,90,57,20,1.49,26,3.0,-10.0,85.0,319.0,63.0,90.0,57.0,20.0,26.0,1.49
2026年01月08日,晴,多云,3℃,-9℃,北风 1-3级,北风 1-3级,lanzhou,202601,78,良,302,57,86,56,20,1.41,28,3.0,-9.0,78.0,302.0,57.0,86.0,56.0,20.0,28.0,1.41
2026年01月09日,晴,晴,5℃,-11℃,北风 1-3级,北风 1-3级,lanzhou,202601,64,良,152,45,79,51,19,1.28,31,5.0,-11.0,64.0,152.0,45.0,79.0,51.0,19.0,31.0,1.28
2026年01月10日,晴,晴,3℃,-10℃,北风 1-3级,北风 1-3级,lanzhou,202601,68,良,185,37,85,43,12,0.81,36,3.0,-10.0,68.0,185.0,37.0,85.0,43.0,12.0,36.0,0.81
2026年01月11日,晴,晴,5℃,-9℃,北风 1-3级,北风 1-3级,lanzhou,202601,76,良,272,54,101,59,19,1.30,23,5.0,-9.0,76.0,272.0,54.0,101.0,59.0,19.0,23.0,1.3
2026年01月12日,晴,晴,10℃,-9℃,北风 1-3级,北风 1-3级,lanzhou,202601,95,良,292,66,116,76,22,1.84,19,10.0,-9.0,95.0,292.0,66.0,116.0,76.0,22.0,19.0,1.84
2026年01月13日,多云,多云,7℃,-8℃,北风 1-3级,北风 1-3级,lanzhou,202601,85,良,221,52,95,68,30,1.71,18,7.0,-8.0,85.0,221.0,52.0,95.0,68.0,30.0,18.0,1.71
2026年01月14日,浮尘,晴,9℃,-8℃,北风 1-3级,北风 1-3级,lanzhou,202601,104,轻度污染,233,48,157,61,18,1.33,29,9.0,-8.0,104.0,233.0,48.0,157.0,61.0,18.0,29.0,1.33
2026年01月15日,晴,晴,11℃,-8℃,北风 1-3级,北风 1-3级,lanzhou,202601,84,良,179,42,119,57,15,1.23,31,11.0,-8.0,84.0,179.0,42.0,119.0,57.0,15.0,31.0,1.23
2026年01月16日,晴,晴,8℃,-8℃,北风 1-3级,北风 1-3级,lanzhou,202601,100,良,224,49,150,57,20,1.17,26,8.0,-8.0,100.0,224.0,49.0,150.0,57.0,20.0,26.0,1.17
2026年01月17日,晴,多云,13℃,-9℃,北风 1-3级,北风 1-3级,lanzhou,202601,98,良,230,60,147,65,28,1.47,24,13.0,-9.0,98.0,230.0,60.0,147.0,65.0,28.0,24.0,1.47
2026年01月18日,多云,阴,0℃,-9℃,北风 1-3级,北风 1-3级,lanzhou,202601,80,良,221,32,111,11,10,0.43,64,0.0,-9.0,80.0,221.0,32.0,111.0,11.0,10.0,64.0,0.43
2026年01月19日,阴,多云,-1℃,-10℃,北风 1-3级,北风 1-3级,lanzhou,202601,58,良,231,24,66,14,7,0.53,56,-1.0,-10.0,58.0,231.0,24.0,66.0,14.0,7.0,56.0,0.53
2026年01月20日,晴,多云,0℃,-11℃,北风 1-3级,北风 1-3级,lanzhou,202601,59,良,285,33,68,28,13,0.83,40,0.0,-11.0,59.0,285.0,33.0,68.0,28.0,13.0,40.0,0.83
,,,,,,,lanzhou,202601,,,,,,,,,,,,,,,,,,,
2026年01月21日,多云,晴,3℃,-7℃,北风 1-3级,北风 1-3级,lanzhou,202601,64,良,283,43,79,33,14,0.87,44,3.0,-7.0,64.0,283.0,43.0,79.0,33.0,14.0,44.0,0.87
2026年01月22日,晴,晴,7℃,-8℃,北风 1-3级,北风 1-3级,lanzhou,202601,71,良,255,50,92,50,15,1.09,33,7.0,-8.0,71.0,255.0,50.0,92.0,50.0,15.0,33.0,1.09
2026年01月23日,晴,晴,8℃,-8℃,北风 1-3级,北风 1-3级,lanzhou,202601,95,良,279,71,116,69,22,1.41,29,8.0,-8.0,95.0,279.0,71.0,116.0,69.0,22.0,29.0,1.41
2026年01月24日,晴,浮尘,9℃,-6℃,北风 1-3级,北风 1-3级,lanzhou,202601,112,轻度污染,266,75,174,65,22,1.38,37,9.0,-6.0,112.0,266.0,75.0,174.0,65.0,22.0,37.0,1.38
2026年01月25日,浮尘,多云,3℃,-8℃,北风 1-3级,北风 1-3级,lanzhou,202601,300,重度污染,338,153,920,21,8,0.59,50,3.0,-8.0,300.0,338.0,153.0,920.0,21.0,8.0,50.0,0.59
2026年01月26日,浮尘,浮尘,8℃,-6℃,北风 1-3级,北风 1-3级,lanzhou,202601,300,重度污染,336,139,678,46,12,1.13,23,8.0,-6.0,300.0,336.0,139.0,678.0,46.0,12.0,23.0,1.13
2026年01月27日,晴,晴,8℃,-7℃,北风 1-3级,北风 1-3级,lanzhou,202601,,,,,,,,,,8.0,-7.0,,,,,,,,
2026年01月28日,晴,小雪,9℃,-7℃,北风 1-3级,北风 1-3级,lanzhou,202601,,,,,,,,,,9.0,-7.0,,,,,,,,
2026年01月29日,小到中雪,多云,3℃,-6℃,北风 1-3级,北风 1-3级,lanzhou,202601,,,,,,,,,,3.0,-6.0,,,,,,,,
2026年01月30日,阴,阴,3℃,-7℃,北风 1-3级,北风 1-3级,lanzhou,202601,,,,,,,,,,3.0,-7.0,,,,,,,,
2026年01月31日,多云,晴,4℃,-7℃,北风 1-3级,北风 1-3级,lanzhou,202601,,,,,,,,,,4.0,-7.0,,,,,,,,
2026年02月01日,晴,晴,5℃,-7℃,北风 1-3级,北风 1-3级,lanzhou,202602,,,,,,,,,,5.0,-7.0,,,,,,,,
2026年02月02日,多云,多云,6℃,-7℃,北风 1-3级,北风 1-3级,lanzhou,202602,,,,,,,,,,6.0,-7.0,,,,,,,,
2026年02月03日,多云,晴,7℃,-5℃,北风 1-3级,北风 1-3级,lanzhou,202602,,,,,,,,,,7.0,-5.0,,,,,,,,
2026年02月04日,多云,多云,10℃,-5℃,北风 1-3级,北风 1-3级,lanzhou,202602,,,,,,,,,,10.0,-5.0,,,,,,,,
2026年02月05日,阴,阴,9℃,-5℃,北风 1-3级,北风 1-3级,lanzhou,202602,,,,,,,,,,9.0,-5.0,,,,,,,,
2026年02月06日,多云,小雪,5℃,-7℃,东北风 1-3级,北风 1-3级,lanzhou,202602,,,,,,,,,,5.0,-7.0,,,,,,,,
