date,dust_mean,dust_max,ducmass_mean,ducmass_max,dusmass_mean,dusmass_max,dust_flag,threshold_primary,threshold_primary_low,threshold_secondary
2021-01-01,1.345647865211955e-05,1.5251432216829574e-05,1.345647865211955e-05,1.5251432216829574e-05,8.006285342020377e-09,9.62378436432528e-09,0,0.00029311927946151735,0.00023083537303873004,1.0131095755102694e-07
2021-01-02,1.680548360006928e-05,3.095073646940701e-05,1.680548360006928e-05,3.095073646940701e-05,1.3470211560402074e-08,2.9449150804954517e-08,0,0.00029311927946151735,0.00023083537303873004,1.0131095755102694e-07
2021-01-03,2.506929549872309e-05,4.670017241141212e-05,2.506929549872309e-05,4.670017241141212e-05,2.5370807614362814e-08,6.645264080539887e-08,0,0.00029311927946151735,0.00023083537303873004,1.0131095755102694e-07
2021-01-04,4.15409373201441e-05,4.8428858359070424e-05,4.15409373201441e-05,4.8428858359070424e-05,4.806002529266535e-08,7.151900656039262e-08,0,0.00029311927946151735,0.00023083537303873004,1.0131095755102694e-07
2021-01-05,4.266809881445988e-05,4.9068106575975847e-05,4.266809881445988e-05,4.9068106575975847e-05,3.5873737531214946e-08,5.271076555917624e-08,0,0.00029311927946151735,0.00023083537303873004,1.0131095755102694e-07
2021-01-06,5.381515075171078e-05,5.760417101568921e-05,5.381515075171078e-05,5.760417101568921e-05,5.013960274134488e-08,7.190472542626663e-08,0,0.00029311927946151735,0.00023083537303873004,1.0131095755102694e-07
2021-01-07,4.2010043812963436e-05,4.890943844227956e-05,4.2010043812963436e-05,4.890943844227956e-05,2.8490236703244517e-08,3.976793890756307e-08,0,0.00029311927946151735,0.00023083537303873004,1.0131095755102694e-07
2021-01-08,3.473904270547796e-05,4.172647959414909e-05,3.473904270547796e-05,4.172647959414909e-05,1.8649038230727804e-08,2.117895846601696e-08,0,0.00029311927946151735,0.00023083537303873004,1.0131095755102694e-07
2021-01-09,2.8757371641703996e-05,3.230102970136589e-05,2.8757371641703996e-05,3.230102970136589e-05,1.5568740584250192e-08,1.6603529949715777e-08,0,0.00029311927946151735,0.00023083537303873004,1.0131095755102694e-07
2021-01-10,8.194178269414668e-05,0.0001232111347226962,8.194178269414668e-05,0.0001232111347226962,5.127473211080345e-08,9.809207078970445e-08,0,0.00029311927946151735,0.00023083537303873004,1.0131095755102694e-07
2021-01-11,3.965338677250776e-05,9.122490651683364e-05,3.965338677250776e-05,9.122490651683364e-05,3.246473064932722e-08,8.761274820038402e-08,0,0.00029311927946151735,0.00023083537303873004,1.0131095755102694e-07
2021-01-12,2.727686268917093e-05,4.097077883626686e-05,2.727686268917093e-05,4.097077883626686e-05,2.0181659532394177e-08,6.569645184508473e-08,0,0.00029311927946151735,0.00023083537303873004,1.0131095755102694e-07
2021-01-13,2.5350051996384625e-05,4.0408173874701126e-05,2.5350051996384625e-05,4.0408173874701126e-05,1.5304077274975307e-08,5.448667282577541e-08,0,0.00029311927946151735,0.00023083537303873004,1.0131095755102694e-07
2021-01-14,9.881791281020893e-05,0.0001533399207226049,9.881791281020893e-05,0.0001533399207226049,4.593412814791247e-08,1.1478263244482571e-07,0,0.00029311927946151735,0.00023083537303873004,1.0131095755102694e-07
2021-01-15,0.0001406552926737728,0.0001549519839163679,0.0001406552926737728,0.0001549519839163679,8.184300765452373e-08,1.1431590363317897e-07,0,0.00029311927946151735,0.00023083537303873004,1.0131095755102694e-07
2021-01-16,0.00012096632950507011,0.00013784069274376466,0.00012096632950507011,0.00013784069274376466,6.48099239855361e-08,7.407503196878234e-08,0,0.00029311927946151735,0.00023083537303873004,1.0131095755102694e-07
2021-01-17,3.34095695251569e-05,5.4689679242735596e-05,3.34095695251569e-05,5.4689679242735596e-05,2.390219910449935e-08,5.255558892218039e-08,0,0.00029311927946151735,0.00023083537303873004,1.0131095755102694e-07
2021-01-18,2.1975303052969372e-05,3.0786098962333086e-05,2.1975303052969372e-05,3.0786098962333086e-05,7.349863483932824e-09,1.1082451819006408e-08,0,0.00029311927946151735,0.00023083537303873004,1.0131095755102694e-07
2021-01-19,2.806366788125767e-05,4.4395963829808504e-05,2.806366788125767e-05,4.4395963829808504e-05,1.968374680082957e-08,3.306498051078609e-08,0,0.00029311927946151735,0.00023083537303873004,1.0131095755102694e-07
2021-01-20,4.761937979345958e-05,5.357275945832974e-05,4.761937979345958e-05,5.357275945832974e-05,2.236512759534914e-08,3.0488492700508026e-08,0,0.00029311927946151735,0.00023083537303873004,1.0131095755102694e-07
2021-01-21,5.981308411569531e-05,7.455369508508644e-05,5.981308411569531e-05,7.455369508508644e-05,3.390360713819944e-08,4.855678580920259e-08,0,0.00029311927946151735,0.00023083537303873004,1.0131095755102694e-07
2021-01-22,3.5594820515332204e-05,7.142106497404221e-05,3.5594820515332204e-05,7.142106497404221e-05,2.1403366119376268e-08,4.6445787108474864e-08,0,0.00029311927946151735,0.00023083537303873004,1.0131095755102694e-07
2021-01-23,1.4655717741209182e-05,1.8906669383339145e-05,1.4655717741209182e-05,1.8906669383339145e-05,6.511652727335655e-09,1.2280989357702423e-08,0,0.00029311927946151735,0.00023083537303873004,1.0131095755102694e-07
2021-01-24,5.333878168432574e-05,0.00012774843517770015,5.333878168432574e-05,0.00012774843517770015,5.0440131223929146e-08,1.4945331163260655e-07,0,0.00029311927946151735,0.00023083537303873004,1.0131095755102694e-07
2021-01-25,0.0001284582269517392,0.00018746387431276177,0.0001284582269517392,0.00018746387431276177,7.715062910263288e-08,1.221459959160867e-07,0,0.00029311927946151735,0.00023083537303873004,1.0131095755102694e-07
2021-01-26,0.00011819554563467475,0.00013733743583731325,0.00011819554563467475,0.00013733743583731325,8.566985458561887e-08,1.1349465221563877e-07,0,0.00029311927946151735,0.00023083537303873004,1.0131095755102694e-07
2021-01-27,6.890597298136394e-05,0.00010756261174895493,6.890597298136394e-05,0.00010756261174895493,6.393017813913865e-08,1.6491193050905963e-07,0,0.00029311927946151735,0.00023083537303873004,1.0131095755102694e-07
2021-01-28,5.021688737286642e-05,0.00010843880103772527,5.021688737286642e-05,0.00010843880103772527,6.238549524859335e-08,1.6684642553012168e-07,0,0.00029311927946151735,0.00023083537303873004,1.0131095755102694e-07
2021-01-29,2.5137306880585407e-05,3.0411672614160543e-05,2.5137306880585407e-05,3.0411672614160543e-05,1.8964383558939817e-08,2.4295392481394797e-08,0,0.00029311927946151735,0.00023083537303873004,1.0131095755102694e-07
2021-01-30,2.6823558698986754e-05,3.0335334920738926e-05,2.6823558698986754e-05,3.0335334920738926e-05,1.5787587137343758e-08,2.3585323637006522e-08,0,0.00029311927946151735,0.00023083537303873004,1.0131095755102694e-07
2021-01-31,2.893713602181497e-05,5.2760769780497405e-05,2.893713602181497e-05,5.2760769780497405e-05,1.6901691582106435e-08,3.854343953427928e-08,0,0.00029311927946151735,0.00023083537303873004,1.0131095755102694e-07
2021-02-01,3.445775208454239e-05,5.05804115850106e-05,3.445775208454239e-05,5.05804115850106e-05,2.412098720779746e-08,4.4768936056167894e-08,0,0.00029311927946151735,0.00023083537303873004,1.0131095755102694e-07
2021-02-02,4.563515207633119e-05,6.321480097770511e-05,4.563515207633119e-05,6.321480097770511e-05,1.437601349339469e-08,4.266566575713565e-08,0,0.00029311927946151735,0.00023083537303873004,1.0131095755102694e-07
2021-02-03,4.7471014662698105e-05,6.033860386819489e-05,4.7471014662698105e-05,6.033860386819489e-05,1.842011934442541e-08,2.6904331600539947e-08,0,0.00029311927946151735,0.00023083537303873004,1.0131095755102694e-07
2021-02-04,5.56072729736835e-05,0.00010157180200503234,5.56072729736835e-05,0.00010157180200503234,3.1695276626404405e-08,7.944619540893202e-08,0,0.00029311927946151735,0.00023083537303873004,1.0131095755102694e-07
2021-02-05,4.6630461867481956e-05,0.00010236906702444388,4.6630461867481956e-05,0.00010236906702444388,3.63635843661843e-08,8.47052397555033e-08,0,0.00029311927946151735,0.00023083537303873004,1.0131095755102694e-07
2021-02-06,4.134144874919373e-05,5.9166870324564013e-05,4.134144874919373e-05,5.9166870324564013e-05,2.0298849424364536e-08,4.5800014683355183e-08,0,0.00029311927946151735,0.00023083537303873004,1.0131095755102694e-07
2021-02-07,4.683401686131669e-05,6.088318070286858e-05,4.683401686131669e-05,6.088318070286858e-05,2.9765812076051842e-08,4.6707957186464655e-08,0,0.00029311927946151735,0.00023083537303873004,1.0131095755102694e-07
2021-02-08,6.0070639045314745e-05,7.714266415753221e-05,6.0070639045314745e-05,7.714266415753221e-05,1.570860541772924e-08,1.988534750742976e-08,0,0.00029311927946151735,0.00023083537303873004,1.0131095755102694e-07
2021-02-09,6.911304088623904e-05,7.612382227063283e-05,6.911304088623904e-05,7.612382227063283e-05,1.746377971780731e-08,1.855698098464159e-08,0,0.00029311927946151735,0.00023083537303873004,1.0131095755102694e-07
2021-02-10,4.337570456101732e-05,6.012945624937649e-05,4.337570456101732e-05,6.012945624937649e-05,1.4568231356488215e-08,2.2492490379994125e-08,0,0.00029311927946151735,0.00023083537303873004,1.0131095755102694e-07
2021-02-11,0.0001328410983653196,0.00017024354625981916,0.0001328410983653196,0.00017024354625981916,6.413659591775939e-08,9.551190312663108e-08,0,0.00029311927946151735,0.00023083537303873004,1.0131095755102694e-07
2021-02-12,0.00010746094190043641,0.00016350954675164789,0.00010746094190043641,0.00016350954675164789,5.978479561603653e-08,1.0932041733746734e-07,0,0.00029311927946151735,0.00023083537303873004,1.0131095755102694e-07
2021-02-13,9.323040329046286e-05,0.00014691169924854522,9.323040329046286e-05,0.00014691169924854522,5.400283646496864e-08,1.0229534605415857e-07,0,0.00029311927946151735,0.00023083537303873004,1.0131095755102694e-07
2021-02-14,6.944112369753915e-05,0.0001144065169160826,6.944112369753915e-05,0.0001144065169160826,5.025014410771451e-08,8.717558138852487e-08,0,0.00029311927946151735,0.00023083537303873004,1.0131095755102694e-07
2021-02-15,8.534656133398967e-05,0.00011401956189543489,8.534656133398967e-05,0.00011401956189543489,5.584276341363657e-08,8.78583347204378e-08,0,0.00029311927946151735,0.00023083537303873004,1.0131095755102694e-07
2021-02-16,5.4430484483066735e-05,8.535635993022954e-05,5.4430484483066735e-05,8.535635993022954e-05,2.7948867099445693e-08,4.7419609776917295e-08,0,0.00029311927946151735,0.00023083537303873004,1.0131095755102694e-07
2021-02-17,4.984948073179096e-05,5.3524198470223544e-05,4.984948073179096e-05,5.3524198470223544e-05,2.0485096185403457e-08,2.8922706823369013e-08,0,0.00029311927946151735,0.00023083537303873004,1.0131095755102694e-07
2021-02-18,3.7862942609130796e-05,5.082422809169378e-05,3.7862942609130796e-05,5.082422809169378e-05,1.3168335805693678e-08,1.4813058892597374e-08,0,0.00029311927946151735,0.00023083537303873004,1.0131095755102694e-07
2021-02-19,2.6167166379418552e-05,3.115445453303385e-05,2.6167166379418552e-05,3.115445453303385e-05,1.6022153032089346e-08,3.454148757543302e-08,0,0.00029311927946151735,0.00023083537303873004,1.0131095755102694e-07
2021-02-20,3.2549356116756346e-05,6.117724926076269e-05,3.2549356116756346e-05,6.117724926076269e-05,1.0634744995907863e-08,3.504302678195461e-08,0,0.00029311927946151735,0.00023083537303873004,1.0131095755102694e-07
2021-02-21,6.402693163890881e-05,8.653024435208842e-05,6.402693163890881e-05,8.653024435208842e-05,2.8829746640477828e-08,5.7159147867877475e-08,0,0.00029311927946151735,0.00023083537303873004,1.0131095755102694e-07
2021-02-22,8.761022862288143e-05,0.00010698673151016944,8.761022862288143e-05,0.00010698673151016944,5.97827054811582e-08,8.877853078054726e-08,0,0.00029311927946151735,0.00023083537303873004,1.0131095755102694e-07
2021-02-23,5.308429683228145e-05,7.062748850244212e-05,5.308429683228145e-05,7.062748850244212e-05,2.2963429884817985e-08,4.6302329578383394e-08,0,0.00029311927946151735,0.00023083537303873004,1.0131095755102694e-07
2021-02-24,7.101140163072477e-05,9.627053337188667e-05,7.101140163072477e-05,9.627053337188667e-05,3.760745537736408e-08,5.7626346695977e-08,0,0.00029311927946151735,0.00023083537303873004,1.0131095755102694e-07
2021-02-25,8.353936989053018e-05,0.0001003675521301249,8.353936989053018e-05,0.0001003675521301249,4.0313537276112644e-08,6.52154336458794e-08,0,0.00029311927946151735,0.00023083537303873004,1.0131095755102694e-07
2021-02-26,6.995605123194378e-05,7.875638577269115e-05,6.995605123194378e-05,7.875638577269115e-05,1.501505632344676e-08,1.8035782932731522e-08,0,0.00029311927946151735,0.00023083537303873004,1.0131095755102694e-07
2021-02-27,0.0001600170234789878,0.0002887370320932742,0.0001600170234789878,0.0002887370320932742,1.2151496496105133e-07,2.856938122623714e-07,1,0.00029311927946151735,0.00023083537303873004,1.0131095755102694e-07
2021-02-28,0.0002457496628038607,0.0003121976319594288,0.0002457496628038607,0.0003121976319594288,1.7495131595987488e-07,2.7323913671421344e-07,1,0.00029311927946151735,0.00023083537303873004,1.0131095755102694e-07
2021-03-01,0.00020915740623904782,0.00030482852157035964,0.00020915740623904782,0.00030482852157035964,8.5875767149259e-08,1.269610372768973e-07,1,0.00029311927946151735,0.00023083537303873004,1.0131095755102694e-07
2021-03-02,0.0001677250450175197,0.00018594038234641015,0.0001677250450175197,0.00018594038234641015,6.270579450005327e-08,6.915301961470375e-08,0,0.00029311927946151735,0.00023083537303873004,1.0131095755102694e-07
2021-03-03,0.00010184441279940483,0.0001288873747261428,0.00010184441279940483,0.0001288873747261428,4.6153058621058144e-08,6.576299478986296e-08,0,0.00029311927946151735,0.00023083537303873004,1.0131095755102694e-07
2021-03-04,0.00011183133515792726,0.00012747823919170658,0.00011183133515792726,0.00012747823919170658,4.162905854205672e-08,7.802006316077427e-08,0,0.00029311927946151735,0.00023083537303873004,1.0131095755102694e-07
2021-03-05,0.00017714009803897234,0.00022984602820510036,0.00017714009803897234,0.00022984602820510036,1.0086716169969558e-07,1.4231403007629103e-07,0,0.00029311927946151735,0.00023083537303873004,1.0131095755102694e-07
2021-03-06,0.00015658360258090102,0.00022908022316880694,0.00015658360258090102,0.00022908022316880694,6.713843306961377e-08,9.94712425281333e-08,0,0.00029311927946151735,0.00023083537303873004,1.0131095755102694e-07
2021-03-07,8.959620535230256e-05,0.00010207669751410183,8.959620535230256e-05,0.00010207669751410183,2.931468701853693e-08,4.10952576412835e-08,0,0.00029311927946151735,0.00023083537303873004,1.0131095755102694e-07
2021-03-08,8.715802379095287e-05,9.531787519603547e-05,8.715802379095287e-05,9.531787519603547e-05,1.936473791495376e-08,2.412268207233694e-08,0,0.00029311927946151735,0.00023083537303873004,1.0131095755102694e-07
2021-03-09,8.422535894908998e-05,0.00010288614501461755,8.422535894908998e-05,0.00010288614501461755,1.4650059974870845e-08,2.571296782181134e-08,0,0.00029311927946151735,0.00023083537303873004,1.0131095755102694e-07
2021-03-10,0.00010011195063414546,0.0001115233617275777,0.00010011195063414546,0.0001115233617275777,2.9698768495725806e-08,4.2409317055162244e-08,0,0.00029311927946151735,0.00023083537303873004,1.0131095755102694e-07
2021-03-11,0.00011717327297535042,0.00012595426374023688,0.00011717327297535042,0.00012595426374023688,2.3269947366714695e-08,3.417656731697562e-08,0,0.00029311927946151735,0.00023083537303873004,1.0131095755102694e-07
2021-03-12,0.00013147462702343233,0.00020203675209053395,0.00013147462702343233,0.00020203675209053395,4.110029626155411e-08,5.008378014018723e-08,0,0.00029311927946151735,0.00023083537303873004,1.0131095755102694e-07
2021-03-13,0.00014739545175083794,0.00019932624886262522,0.00014739545175083794,0.00019932624886262522,2.7261093201963894e-08,5.0216975346371275e-08,0,0.00029311927946151735,0.00023083537303873004,1.0131095755102694e-07
2021-03-14,0.00029690841519321436,0.0003569864338472372,0.00029690841519321436,0.0003569864338472372,1.1103862199306241e-07,1.766166158533191e-07,1,0.00029311927946151735,0.00023083537303873004,1.0131095755102694e-07
2021-03-15,0.0003249568913926774,0.00041841180835985935,0.0003249568913926774,0.00041841180835985935,8.737325363422103e-08,1.7680763510821196e-07,1,0.00029311927946151735,0.00023083537303873004,1.0131095755102694e-07
2021-03-16,0.00029924040858161346,0.00039806641621038515,0.00029924040858161346,0.00039806641621038515,1.612379291700862e-07,2.5263264847823504e-07,1,0.00029311927946151735,0.00023083537303873004,1.0131095755102694e-07
2021-03-17,0.0001571028975395754,0.00028420147863453195,0.0001571028975395754,0.00028420147863453195,6.21471154930872e-08,9.543586400430341e-08,0,0.00029311927946151735,0.00023083537303873004,1.0131095755102694e-07
2021-03-18,0.0002505623356515042,0.0002986160983981663,0.0002505623356515042,0.0002986160983981663,8.201955536135032e-08,1.0124569213982658e-07,1,0.00029311927946151735,0.00023083537303873004,1.0131095755102694e-07
2021-03-19,0.0003480592279978703,0.0005933553605112792,0.0003480592279978703,0.0005933553605112792,1.336574566711123e-07,2.197776954453148e-07,1,0.00029311927946151735,0.00023083537303873004,1.0131095755102694e-07
2021-03-20,0.000487978717240931,0.0005789306257761941,0.000487978717240931,0.0005789306257761941,1.6571653634203432e-07,2.135466684140087e-07,1,0.00029311927946151735,0.00023083537303873004,1.0131095755102694e-07
2021-03-21,0.00029426642399704847,0.0003848213659155602,0.00029426642399704847,0.0003848213659155602,1.2036044743142345e-07,1.761462920029376e-07,1,0.00029311927946151735,0.00023083537303873004,1.0131095755102694e-07
2021-03-22,0.00019377309076991543,0.00023420254095105005,0.00019377309076991543,0.00023420254095105005,6.945191974470886e-08,9.52875824403255e-08,0,0.00029311927946151735,0.00023083537303873004,1.0131095755102694e-07
2021-03-23,0.00018546928591616247,0.0002280894122854389,0.00018546928591616247,0.0002280894122854389,4.53475314986738e-08,8.392165216457066e-08,0,0.00029311927946151735,0.00023083537303873004,1.0131095755102694e-07
2021-03-24,0.00018438740069130037,0.00021683377514328,0.00018438740069130037,0.00021683377514328,6.029139018950801e-08,8.924840357898446e-08,0,0.00029311927946151735,0.00023083537303873004,1.0131095755102694e-07
2021-03-25,0.00020227951921458797,0.00040052581881196473,0.00020227951921458797,0.00040052581881196473,9.091071533414493e-08,3.062118114665948e-07,1,0.00029311927946151735,0.00023083537303873004,1.0131095755102694e-07
2021-03-26,0.00030632057352575413,0.00038772738304311305,0.00030632057352575413,0.00038772738304311305,1.4178958470888463e-07,3.0737601434586244e-07,1,0.00029311927946151735,0.00023083537303873004,1.0131095755102694e-07
2021-03-27,0.00024274053618805736,0.00031925260792870294,0.00024274053618805736,0.00031925260792870294,5.972996815210802e-08,9.439365541723015e-08,1,0.00029311927946151735,0.00023083537303873004,1.0131095755102694e-07
2021-03-28,0.00029564829207861414,0.00035142026883754903,0.00029564829207861414,0.00035142026883754903,1.010444800875598e-07,1.6673230169739713e-07,1,0.00029311927946151735,0.00023083537303873004,1.0131095755102694e-07
2021-03-29,0.0002655934758038007,0.0003058652036644908,0.0002655934758038007,0.0003058652036644908,5.724724501551624e-08,6.681255907232417e-08,1,0.00029311927946151735,0.00023083537303873004,1.0131095755102694e-07
2021-03-30,0.00018055966501311497,0.00022628492383383773,0.00018055966501311497,0.00022628492383383773,5.326561917907713e-08,1.0896376665443227e-07,0,0.00029311927946151735,0.00023083537303873004,1.0131095755102694e-07
2021-03-31,0.00018400663270409939,0.00020276170070864712,0.00018400663270409939,0.00020276170070864712,8.6473370638383e-08,1.4208099316088037e-07,0,0.00029311927946151735,0.00023083537303873004,1.0131095755102694e-07
2021-04-01,0.00014711697082348834,0.00017113092658935401,0.00014711697082348834,0.00017113092658935401,4.197264140193097e-08,5.590030960711575e-08,0,0.00029311927946151735,0.00023083537303873004,1.0131095755102694e-07
2021-04-02,0.00014114118580613798,0.00014607880818848449,0.00014114118580613798,0.00014607880818848449,5.851075844720816e-08,6.594450409108304e-08,0,0.00029311927946151735,0.00023083537303873004,1.0131095755102694e-07
2021-04-03,0.00010332463774204533,0.000132581492347756,0.00010332463774204533,0.000132581492347756,3.369147737972079e-08,6.455422977105467e-08,0,0.00029311927946151735,0.00023083537303873004,1.0131095755102694e-07
2021-04-04,8.809629298590987e-05,0.00012398901668203742,8.809629298590987e-05,0.00012398901668203742,1.0411899697691521e-08,1.5561611027891788e-08,0,0.00029311927946151735,0.00023083537303873004,1.0131095755102694e-07
2021-04-05,0.00011905439558103558,0.00015206336871646103,0.00011905439558103558,0.00015206336871646103,2.9737133724460414e-08,8.068156163579201e-08,0,0.00029311927946151735,0.00023083537303873004,1.0131095755102694e-07
2021-04-06,0.00018283363098105796,0.00019898835790159086,0.00018283363098105796,0.00019898835790159086,7.378380744904059e-08,1.1263946798091165e-07,0,0.00029311927946151735,0.00023083537303873004,1.0131095755102694e-07
2021-04-07,0.00013680329395507793,0.00018233748988010203,0.00013680329395507793,0.00018233748988010203,3.493861016744288e-08,5.846388875363013e-08,0,0.00029311927946151735,0.00023083537303873004,1.0131095755102694e-07
2021-04-08,0.00013946376019697692,0.00015089591565313346,0.00013946376019697692,0.00015089591565313346,1.6429459638229593e-08,2.209807254881551e-08,0,0.00029311927946151735,0.00023083537303873004,1.0131095755102694e-07
2021-04-09,0.00013832414419009937,0.00016518166914397404,0.00013832414419009937,0.00016518166914397404,1.5701575560645586e-08,2.1458983711545162e-08,0,0.00029311927946151735,0.00023083537303873004,1.0131095755102694e-07
2021-04-10,0.00011892698342276705,0.0001697728506390628,0.00011892698342276705,0.0001697728506390628,1.5233255428855048e-08,2.0742855084373745e-08,0,0.00029311927946151735,0.00023083537303873004,1.0131095755102694e-07
2021-04-11,0.0001425230026202364,0.00019159608061399282,0.0001425230026202364,0.00019159608061399282,3.277605773767709e-08,1.1568638261772501e-07,0,0.00029311927946151735,0.00023083537303873004,1.0131095755102694e-07
2021-04-12,0.00018706107476023056,0.00020499196408369495,0.00018706107476023056,0.00020499196408369495,7.81721401733616e-08,1.3742157974442857e-07,0,0.00029311927946151735,0.00023083537303873004,1.0131095755102694e-07
2021-04-13,0.00020741531391424396,0.00024393610868936414,0.00020741531391424396,0.00024393610868936414,7.947742381987763e-08,9.57917560116499e-08,0,0.00029311927946151735,0.00023083537303873004,1.0131095755102694e-07
2021-04-14,0.00021388579604929804,0.00024693717283493026,0.00021388579604929804,0.00024693717283493026,5.6937734305798175e-08,8.835560883350127e-08,0,0.00029311927946151735,0.00023083537303873004,1.0131095755102694e-07
2021-04-15,0.0002645196491874686,0.0002963833565951344,0.0002645196491874686,0.0002963833565951344,8.680565782207928e-08,1.15316892314073e-07,1,0.00029311927946151735,0.00023083537303873004,1.0131095755102694e-07
2021-04-16,0.00020585496271233528,0.0002566958002385454,0.00020585496271233528,0.0002566958002385454,6.232043075107681e-08,8.771517518536983e-08,0,0.00029311927946151735,0.00023083537303873004,1.0131095755102694e-07
2021-04-17,0.00020818680312152733,0.00023354835458344768,0.00020818680312152733,0.00023354835458344768,4.801874549581227e-08,6.88536945420547e-08,0,0.00029311927946151735,0.00023083537303873004,1.0131095755102694e-07
2021-04-18,0.00015815208703088545,0.00017380733896471206,0.00015815208703088545,0.00017380733896471206,2.951335843399461e-08,3.5458931389938964e-08,0,0.00029311927946151735,0.00023083537303873004,1.0131095755102694e-07
2021-04-19,0.00010846042455358924,0.00012393727241057225,0.00010846042455358924,0.00012393727241057225,3.198452224198803e-08,4.8969171027301326e-08,0,0.00029311927946151735,0.00023083537303873004,1.0131095755102694e-07
2021-04-20,8.249638463879173e-05,0.00010831554047171316,8.249638463879173e-05,0.00010831554047171316,2.909887100367476e-08,4.863937546164864e-08,0,0.00029311927946151735,0.00023083537303873004,1.0131095755102694e-07
2021-04-21,0.00015737015028360389,0.00020360393291001718,0.00015737015028360389,0.00020360393291001718,2.7432659942967964e-08,3.897717955521978e-08,0,0.00029311927946151735,0.00023083537303873004,1.0131095755102694e-07
2021-04-22,0.00011314723144444356,0.00017923929327184923,0.00011314723144444356,0.00017923929327184923,2.1151181812300957e-08,3.281939122657513e-08,0,0.00029311927946151735,0.00023083537303873004,1.0131095755102694e-07
2021-04-23,4.975889443230235e-05,6.714966473547622e-05,4.975889443230235e-05,6.714966473547622e-05,9.681729339614184e-09,1.550968923638828e-08,0,0.00029311927946151735,0.00023083537303873004,1.0131095755102694e-07
2021-04-24,0.00028446324596519194,0.000428216886537874,0.00028446324596519194,0.000428216886537874,1.3963152899803054e-07,2.2303493553064686e-07,1,0.00029311927946151735,0.00023083537303873004,1.0131095755102694e-07
2021-04-25,0.0002323855172230835,0.00028204594936244047,0.0002323855172230835,0.00028204594936244047,9.525487869019557e-08,1.3240217559036076e-07,1,0.00029311927946151735,0.00023083537303873004,1.0131095755102694e-07
2021-04-26,0.0003144118250283713,0.0003756373977362231,0.0003144118250283713,0.0003756373977362231,1.505695001131856e-07,2.612584498558313e-07,1,0.00029311927946151735,0.00023083537303873004,1.0131095755102694e-07
2021-04-27,0.0003203804116626723,0.00036517233097313636,0.0003203804116626723,0.00036517233097313636,1.2581571545432462e-07,1.5370391067606395e-07,1,0.00029311927946151735,0.00023083537303873004,1.0131095755102694e-07
2021-04-28,0.00016970618386292545,0.0002543509156556257,0.00016970618386292545,0.0002543509156556257,6.367744418296074e-08,1.0733687870706207e-07,1,0.00029311927946151735,0.00023083537303873004,1.0131095755102694e-07
2021-04-29,0.000267421556809778,0.00048557463452988513,0.000267421556809778,0.00048557463452988513,7.09770227151908e-08,1.7392662905204437e-07,1,0.00029311927946151735,0.00023083537303873004,1.0131095755102694e-07
2021-04-30,0.00031925043212113893,0.0005469853449082465,0.00031925043212113893,0.0005469853449082465,9.911908522371393e-08,1.7366695425158314e-07,1,0.00029311927946151735,0.00023083537303873004,1.0131095755102694e-07
2021-05-01,0.00015821556500663093,0.0002007986690678706,0.00015821556500663093,0.0002007986690678706,3.6862128771630224e-08,5.1719287342559536e-08,0,0.00029311927946151735,0.00023083537303873004,1.0131095755102694e-07
2021-05-02,0.00016295618142525559,0.0002586338284656952,0.00016295618142525559,0.0002586338284656952,3.190830026603925e-08,6.175774800657151e-08,0,0.00029311927946151735,0.00023083537303873004,1.0131095755102694e-07
2021-05-03,0.0004527319010670613,0.0005614896248636228,0.0004527319010670613,0.0005614896248636228,1.600202003513231e-07,2.7120450372686065e-07,1,0.00029311927946151735,0.00023083537303873004,1.0131095755102694e-07
2021-05-04,0.0003448853167778595,0.0005066023682248984,0.0003448853167778595,0.0005066023682248984,1.4423586623945617e-07,2.7543546075064105e-07,1,0.00029311927946151735,0.00023083537303873004,1.0131095755102694e-07
2021-05-05,0.00015641145168571383,0.00022188672663288472,0.00015641145168571383,0.00022188672663288472,5.2299652851459396e-08,7.585107010942687e-08,0,0.00029311927946151735,0.00023083537303873004,1.0131095755102694e-07
2021-05-06,0.00017488362462010146,0.0002571648385431773,0.00017488362462010146,0.0002571648385431773,6.135336778097806e-08,1.6162457486251582e-07,1,0.00029311927946151735,0.00023083537303873004,1.0131095755102694e-07
2021-05-07,0.0001481672136915913,0.00022934962375020787,0.0001481672136915913,0.00022934962375020787,7.409767332461371e-08,1.6199621357487554e-07,0,0.00029311927946151735,0.00023083537303873004,1.0131095755102694e-07
2021-05-08,0.00014201180826262688,0.00019286932377056076,0.00014201180826262688,0.00019286932377056076,2.7725955219257868e-08,3.4456522678545027e-08,0,0.00029311927946151735,0.00023083537303873004,1.0131095755102694e-07
2021-05-09,0.00011496578249731009,0.0002611012692755446,0.00011496578249731009,0.0002611012692755446,2.8430882675530438e-08,1.318009932124224e-07,1,0.00029311927946151735,0.00023083537303873004,1.0131095755102694e-07
2021-05-10,0.00025825154974937133,0.00034446237832590405,0.00025825154974937133,0.00034446237832590405,1.341643441989505e-07,2.423194230350117e-07,1,0.00029311927946151735,0.00023083537303873004,1.0131095755102694e-07
2021-05-11,0.000158887859782439,0.0001856721913882238,0.000158887859782439,0.0001856721913882238,5.359450027516633e-08,8.189010543846872e-08,0,0.00029311927946151735,0.00023083537303873004,1.0131095755102694e-07
2021-05-12,0.00013913836019173678,0.00017619064163755576,0.00013913836019173678,0.00017619064163755576,2.5653798504801273e-08,3.203606899773963e-08,0,0.00029311927946151735,0.00023083537303873004,1.0131095755102694e-07
2021-05-13,0.00015612016304610547,0.00021798572290146706,0.00015612016304610547,0.00021798572290146706,1.2362759569404792e-08,1.780602463547487e-08,0,0.00029311927946151735,0.00023083537303873004,1.0131095755102694e-07
2021-05-14,0.0002262904990936561,0.00032868366448005347,0.0002262904990936561,0.00032868366448005347,1.6708114610582307e-07,2.385540463190121e-07,1,0.00029311927946151735,0.00023083537303873004,1.0131095755102694e-07
2021-05-15,0.00015565425703716656,0.00022525612761441986,0.00015565425703716656,0.00022525612761441986,9.522946937214252e-08,2.1248055071000553e-07,0,0.00029311927946151735,0.00023083537303873004,1.0131095755102694e-07
2021-05-16,0.00013037208028541627,0.00015297192140167242,0.00013037208028541627,0.00015297192140167242,3.376617620630355e-08,5.055154028448194e-08,0,0.00029311927946151735,0.00023083537303873004,1.0131095755102694e-07
2021-05-17,8.742338831002828e-05,0.00010289879163906146,8.742338831002828e-05,0.00010289879163906146,1.7193713568731735e-08,1.8315678442193467e-08,0,0.00029311927946151735,0.00023083537303873004,1.0131095755102694e-07
2021-05-18,9.038544648117351e-05,0.00016330717911468737,9.038544648117351e-05,0.00016330717911468737,3.0751296956418825e-08,1.0426271659435102e-07,0,0.00029311927946151735,0.00023083537303873004,1.0131095755102694e-07
2021-05-19,0.00014090920576677551,0.00017166204498240487,0.00014090920576677551,0.00017166204498240487,6.611845704744787e-08,1.0779986274254798e-07,0,0.00029311927946151735,0.00023083537303873004,1.0131095755102694e-07
2021-05-20,9.886922142505985e-05,0.00012837033655939626,9.886922142505985e-05,0.00012837033655939626,3.005271934401848e-08,5.021534936057742e-08,0,0.00029311927946151735,0.00023083537303873004,1.0131095755102694e-07
2021-05-21,5.664991217601053e-05,7.997293018896158e-05,5.664991217601053e-05,7.997293018896158e-05,1.6496356294791032e-08,2.6021681484367493e-08,0,0.00029311927946151735,0.00023083537303873004,1.0131095755102694e-07
2021-05-22,0.0002473165016188792,0.00033065127353619744,0.0002473165016188792,0.00033065127353619744,1.7015825911693382e-07,2.6745929346867743e-07,1,0.00029311927946151735,0.00023083537303873004,1.0131095755102694e-07
2021-05-23,0.00024182081179956202,0.00030256166649847015,0.00024182081179956202,0.00030256166649847015,9.735729763269185e-08,1.4066313480446624e-07,1,0.00029311927946151735,0.00023083537303873004,1.0131095755102694e-07
2021-05-24,0.00016311969515621114,0.0002344938578075487,0.00016311969515621114,0.0002344938578075487,6.110228546360001e-08,9.946279198504386e-08,0,0.00029311927946151735,0.00023083537303873004,1.0131095755102694e-07
2021-05-25,9.059249144694843e-05,0.00011327272261858019,9.059249144694843e-05,0.00011327272261858019,3.2699339760103014e-08,5.171394527647386e-08,0,0.00029311927946151735,0.00023083537303873004,1.0131095755102694e-07
2021-05-26,0.0001304338596662392,0.00019412117856963586,0.0001304338596662392,0.00019412117856963586,4.8483530803936104e-08,7.058352554897878e-08,0,0.00029311927946151735,0.00023083537303873004,1.0131095755102694e-07
2021-05-27,0.00011675866766892288,0.00020159319098310294,0.00011675866766892288,0.00020159319098310294,4.9595610251903235e-08,1.0438736041246847e-07,0,0.00029311927946151735,0.00023083537303873004,1.0131095755102694e-07
2021-05-28,0.00012680735167881134,0.00020799240765903012,0.00012680735167881134,0.00020799240765903012,5.898455531914346e-08,1.100205635851816e-07,0,0.00029311927946151735,0.00023083537303873004,1.0131095755102694e-07
2021-05-29,0.00022388680170241175,0.00029147842491885695,0.00022388680170241175,0.00029147842491885695,5.4532650337813895e-08,9.456335309326348e-08,0,0.00029311927946151735,0.00023083537303873004,1.0131095755102694e-07
2021-05-30,0.0003010936039446782,0.00039760486429349574,0.0003010936039446782,0.00039760486429349574,8.344967592953121e-08,1.780981316808555e-07,1,0.00029311927946151735,0.00023083537303873004,1.0131095755102694e-07
2021-05-31,0.0005063526573563753,0.0006318129405356329,0.0005063526573563753,0.0006318129405356329,2.0875655509243485e-07,3.004838701172896e-07,1,0.00029311927946151735,0.00023083537303873004,1.0131095755102694e-07
2021-06-01,0.00028062634521580876,0.00038169107389480014,0.00028062634521580876,0.00038169107389480014,1.005979360715128e-07,1.8269372099941084e-07,1,0.00029311927946151735,0.00023083537303873004,1.0131095755102694e-07
2021-06-02,0.0002752196850433231,0.00030059003272716526,0.0002752196850433231,0.00030059003272716526,9.432326332553535e-08,1.1198572676691842e-07,1,0.00029311927946151735,0.00023083537303873004,1.0131095755102694e-07
2021-06-03,0.00020578620929270088,0.0002867179619384634,0.00020578620929270088,0.0002867179619384634,6.322868070547575e-08,1.18254857335072e-07,1,0.00029311927946151735,0.00023083537303873004,1.0131095755102694e-07
2021-06-04,0.00011650520377402979,0.00018220195802967604,0.00011650520377402979,0.00018220195802967604,1.6721696422774805e-08,3.0431474524743325e-08,0,0.00029311927946151735,0.00023083537303873004,1.0131095755102694e-07
2021-06-05,0.0001785500856761284,0.0002293434197853635,0.0001785500856761284,0.0002293434197853635,1.5092700586251843e-08,2.9212070959131577e-08,0,0.00029311927946151735,0.00023083537303873004,1.0131095755102694e-07
2021-06-06,0.0006825065827868153,0.0013060774326461783,0.0006825065827868153,0.0013060774326461783,3.52293854320696e-07,6.190819433854275e-07,1,0.00029311927946151735,0.00023083537303873004,1.0131095755102694e-07
2021-06-07,0.00045232279000549766,0.0008454785564564183,0.00045232279000549766,0.0008454785564564183,2.711290620483274e-07,6.176959500023777e-07,1,0.00029311927946151735,0.00023083537303873004,1.0131095755102694e-07
2021-06-08,0.00025518111949562574,0.000303489054811189,0.00025518111949562574,0.000303489054811189,8.965088902360987e-08,1.5276170187500664e-07,1,0.00029311927946151735,0.00023083537303873004,1.0131095755102694e-07
2021-06-09,0.00027131940152018495,0.00034187450797384814,0.00027131940152018495,0.00034187450797384814,9.112391309445466e-08,1.4283180765464999e-07,1,0.00029311927946151735,0.00023083537303873004,1.0131095755102694e-07
2021-06-10,0.00025794098501983497,0.00031312663508705396,0.00025794098501983497,0.00031312663508705396,5.7091682778032985e-08,6.851773629062934e-08,1,0.00029311927946151735,0.00023083537303873004,1.0131095755102694e-07
2021-06-11,0.00020030975581857396,0.0002479635371393004,0.00020030975581857396,0.0002479635371393004,6.099419553796581e-08,8.832045832942492e-08,0,0.00029311927946151735,0.00023083537303873004,1.0131095755102694e-07
2021-06-12,0.00010209994307233497,0.0001590588583171924,0.00010209994307233497,0.0001590588583171924,1.5372834988553026e-08,3.149930578398188e-08,0,0.00029311927946151735,0.00023083537303873004,1.0131095755102694e-07
2021-06-13,0.0001148513831898568,0.00020634581982567241,0.0001148513831898568,0.00020634581982567241,5.800232333964245e-08,1.675418177591091e-07,0,0.00029311927946151735,0.00023083537303873004,1.0131095755102694e-07
2021-06-14,0.00015836187723592952,0.00021981330993340621,0.00015836187723592952,0.00021981330993340621,1.0210923602851047e-07,1.8701946998614085e-07,0,0.00029311927946151735,0.00023083537303873004,1.0131095755102694e-07
2021-06-15,0.00010627634995070648,0.00018933869400483835,0.00010627634995070648,0.00018933869400483835,8.492514581598851e-08,2.1262231674110962e-07,0,0.00029311927946151735,0.00023083537303873004,1.0131095755102694e-07
2021-06-16,0.00013919932626652853,0.00016747049102272475,0.00013919932626652853,0.00016747049102272475,1.0865083513442141e-07,1.985311921327953e-07,0,0.00029311927946151735,0.00023083537303873004,1.0131095755102694e-07
2021-06-17,0.00010561614126250998,0.0001258395416835741,0.00010561614126250998,0.0001258395416835741,5.245836970969518e-08,8.114539660748313e-08,0,0.00029311927946151735,0.00023083537303873004,1.0131095755102694e-07
2021-06-18,8.819004475736425e-05,9.883364509991623e-05,8.819004475736425e-05,9.883364509991623e-05,4.114522753933663e-08,5.083618244891484e-08,0,0.00029311927946151735,0.00023083537303873004,1.0131095755102694e-07
2021-06-19,6.292700885843092e-05,7.596526446672671e-05,6.292700885843092e-05,7.596526446672671e-05,2.4114180504149095e-08,3.424889236641058e-08,0,0.00029311927946151735,0.00023083537303873004,1.0131095755102694e-07
2021-06-20,4.739880886052062e-05,5.559074926526742e-05,4.739880886052062e-05,5.559074926526742e-05,1.450008820516276e-08,1.844734799133274e-08,0,0.00029311927946151735,0.00023083537303873004,1.0131095755102694e-07
2021-06-21,6.40561197221152e-05,8.21194642272965e-05,6.40561197221152e-05,8.21194642272965e-05,1.4108180778965283e-08,1.99709820675027e-08,0,0.00029311927946151735,0.00023083537303873004,1.0131095755102694e-07
2021-06-22,3.997556170600946e-05,7.79366291497079e-05,3.997556170600946e-05,7.79366291497079e-05,5.017300603036657e-09,9.618107597377108e-09,0,0.00029311927946151735,0.00023083537303873004,1.0131095755102694e-07
2021-06-23,4.304150829455552e-05,6.914850151090024e-05,4.304150829455552e-05,6.914850151090024e-05,1.218515648028086e-08,2.4814134721026175e-08,0,0.00029311927946151735,0.00023083537303873004,1.0131095755102694e-07
2021-06-24,0.0001156327196809455,0.00013296110942331634,0.0001156327196809455,0.00013296110942331634,6.720582877720418e-08,8.508668885842434e-08,0,0.00029311927946151735,0.00023083537303873004,1.0131095755102694e-07
2021-06-25,9.287388702560926e-05,0.0001206888328697331,9.287388702560926e-05,0.0001206888328697331,4.372244281593367e-08,7.084293037357314e-08,0,0.00029311927946151735,0.00023083537303873004,1.0131095755102694e-07
2021-06-26,4.633513932395701e-05,6.41291112352175e-05,4.633513932395701e-05,6.41291112352175e-05,1.8103305992298067e-08,2.996078879441339e-08,0,0.00029311927946151735,0.00023083537303873004,1.0131095755102694e-07
2021-06-27,2.722371359200392e-05,3.945803269619555e-05,2.722371359200392e-05,3.945803269619555e-05,4.046186670802958e-09,6.72903435644038e-09,0,0.00029311927946151735,0.00023083537303873004,1.0131095755102694e-07
2021-06-28,5.5660219530357745e-05,0.00011504475773525939,5.5660219530357745e-05,0.00011504475773525939,1.920448350180501e-08,4.5504019945613286e-08,0,0.00029311927946151735,0.00023083537303873004,1.0131095755102694e-07
2021-06-29,0.00017468357901588292,0.00022140328557661854,0.00017468357901588292,0.00022140328557661854,5.486680219546209e-08,6.706924883848443e-08,0,0.00029311927946151735,0.00023083537303873004,1.0131095755102694e-07
2021-06-30,0.00017576820004215523,0.0002299831732753505,0.00017576820004215523,0.0002299831732753505,5.002171232116337e-08,7.395921984980442e-08,0,0.00029311927946151735,0.00023083537303873004,1.0131095755102694e-07
2021-07-01,0.00020058405882536454,0.0002718801247477961,0.00020058405882536454,0.0002718801247477961,3.42823974503019e-08,4.170574012121125e-08,0,0.00029311927946151735,0.00023083537303873004,1.0131095755102694e-07
2021-07-02,0.000165394240976369,0.00026105434548229396,0.000165394240976369,0.00026105434548229396,5.4548827413013605e-08,1.0130832849986287e-07,0,0.00029311927946151735,0.00023083537303873004,1.0131095755102694e-07
2021-07-03,0.00012375549849472352,0.0001513759748127024,0.00012375549849472352,0.0001513759748127024,2.222194521947598e-08,2.8402888488466143e-08,0,0.00029311927946151735,0.00023083537303873004,1.0131095755102694e-07
2021-07-04,9.806428148827552e-05,0.00012761703487058123,9.806428148827552e-05,0.00012761703487058123,1.4440582359515171e-08,2.3101357975718286e-08,0,0.00029311927946151735,0.00023083537303873004,1.0131095755102694e-07
2021-07-05,0.00010408763693873092,0.0001587492457640248,0.00010408763693873092,0.0001587492457640248,4.728301982316843e-08,9.696073163034144e-08,0,0.00029311927946151735,0.00023083537303873004,1.0131095755102694e-07
2021-07-06,7.137348791547076e-05,7.603259912079962e-05,7.137348791547076e-05,7.603259912079962e-05,1.4236632368523348e-08,2.1684830225015617e-08,0,0.00029311927946151735,0.00023083537303873004,1.0131095755102694e-07
2021-07-07,8.415103672027595e-05,0.00010009828310085733,8.415103672027595e-05,0.00010009828310085733,1.607372386039907e-08,1.8317283758321978e-08,0,0.00029311927946151735,0.00023083537303873004,1.0131095755102694e-07
2021-07-08,7.851841148956669e-05,8.507059085916542e-05,7.851841148956669e-05,8.507059085916542e-05,1.3544350163729092e-08,1.533734707868462e-08,0,0.00029311927946151735,0.00023083537303873004,1.0131095755102694e-07
2021-07-09,7.98276143725173e-05,8.960408153792339e-05,7.98276143725173e-05,8.960408153792339e-05,1.0435345538035781e-08,1.3145555640250896e-08,0,0.00029311927946151735,0.00023083537303873004,1.0131095755102694e-07
2021-07-10,5.26813956808636e-05,7.039821146625777e-05,5.26813956808636e-05,7.039821146625777e-05,1.2243179158961217e-08,2.7075797389379853e-08,0,0.00029311927946151735,0.00023083537303873004,1.0131095755102694e-07
2021-07-11,0.00012204118521177656,0.00015984758064941374,0.00012204118521177656,0.00015984758064941374,3.9407271037267346e-08,6.381483484884757e-08,0,0.00029311927946151735,0.00023083537303873004,1.0131095755102694e-07
2021-07-12,8.674066441821589e-05,0.0001344967065775636,8.674066441821589e-05,0.0001344967065775636,3.186103274021161e-08,4.9669587472546094e-08,0,0.00029311927946151735,0.00023083537303873004,1.0131095755102694e-07
2021-07-13,6.183965053191054e-05,8.598853242845093e-05,6.183965053191054e-05,8.598853242845093e-05,1.0199456913547158e-08,2.2585882865577897e-08,0,0.00029311927946151735,0.00023083537303873004,1.0131095755102694e-07
2021-07-14,4.262683106848881e-05,6.548911780238592e-05,4.262683106848881e-05,6.548911780238592e-05,2.238120405098202e-08,5.652313659779438e-08,0,0.00029311927946151735,0.00023083537303873004,1.0131095755102694e-07
2021-07-15,4.9723736720594874e-05,8.539867647076485e-05,4.9723736720594874e-05,8.539867647076485e-05,2.5541872437300665e-08,6.936641917873631e-08,0,0.00029311927946151735,0.00023083537303873004,1.0131095755102694e-07
2021-07-16,4.000327369606148e-05,6.387922918134965e-05,4.000327369606148e-05,6.387922918134965e-05,9.177203524353715e-09,1.7167571283748746e-08,0,0.00029311927946151735,0.00023083537303873004,1.0131095755102694e-07
2021-07-17,6.124147092827693e-05,6.781034669774303e-05,6.124147092827693e-05,6.781034669774303e-05,2.327013674862124e-08,3.821126994314692e-08,0,0.00029311927946151735,0.00023083537303873004,1.0131095755102694e-07
2021-07-18,4.129480057131281e-05,6.235580167372496e-05,4.129480057131281e-05,6.235580167372496e-05,1.0567647445515419e-08,1.7220434438192885e-08,0,0.00029311927946151735,0.00023083537303873004,1.0131095755102694e-07
2021-07-19,3.022920777719771e-05,4.2638400271284644e-05,3.022920777719771e-05,4.2638400271284644e-05,4.466069219316452e-09,7.606026870843123e-09,0,0.00029311927946151735,0.00023083537303873004,1.0131095755102694e-07
2021-07-20,4.499045158158744e-05,5.800885920298283e-05,4.499045158158744e-05,5.800885920298283e-05,3.1332967311351747e-09,5.665145270077218e-09,0,0.00029311927946151735,0.00023083537303873004,1.0131095755102694e-07
2021-07-21,7.071118792352457e-05,8.942242147060135e-05,7.071118792352457e-05,8.942242147060135e-05,6.459209194876944e-09,1.4625590909506984e-08,0,0.00029311927946151735,0.00023083537303873004,1.0131095755102694e-07
2021-07-22,4.170025840469563e-05,5.894901289245623e-05,4.170025840469563e-05,5.894901289245623e-05,2.2143609861822975e-09,5.195369287416894e-09,0,0.00029311927946151735,0.00023083537303873004,1.0131095755102694e-07
2021-07-23,3.360422896143255e-05,4.3804656520858324e-05,3.360422896143255e-05,4.3804656520858324e-05,3.1373431092537034e-09,5.664757643060854e-09,0,0.00029311927946151735,0.00023083537303873004,1.0131095755102694e-07
2021-07-24,4.890568350079166e-05,6.386182554327918e-05,4.890568350079166e-05,6.386182554327918e-05,4.221203152752691e-09,6.4761748188368024e-09,0,0.00029311927946151735,0.00023083537303873004,1.0131095755102694e-07
2021-07-25,0.000268709817220362,0.0005200077751213152,0.000268709817220362,0.0005200077751213152,1.44339447664724e-07,2.920821561064611e-07,1,0.00029311927946151735,0.00023083537303873004,1.0131095755102694e-07
2021-07-26,0.00013881967257839585,0.00017098672435561396,0.00013881967257839585,0.00017098672435561396,4.530284131725992e-08,6.130448942532446e-08,0,0.00029311927946151735,0.00023083537303873004,1.0131095755102694e-07
2021-07-27,0.00011418919009951137,0.00013442566732915304,0.00011418919009951137,0.00013442566732915304,4.2768967270210085e-08,5.80425564678457e-08,0,0.00029311927946151735,0.00023083537303873004,1.0131095755102694e-07
2021-07-28,0.0001008872243378675,0.00012352262533953,0.0001008872243378675,0.00012352262533953,3.949030941389008e-08,6.129906293762004e-08,0,0.00029311927946151735,0.00023083537303873004,1.0131095755102694e-07
2021-07-29,7.92190696405969e-05,9.586522426918179e-05,7.92190696405969e-05,9.586522426918179e-05,2.484316801793011e-08,2.9202818307658667e-08,0,0.00029311927946151735,0.00023083537303873004,1.0131095755102694e-07
2021-07-30,5.768103939735075e-05,8.467549944813206e-05,5.768103939735075e-05,8.467549944813206e-05,1.6254949307353137e-08,2.4267047594768652e-08,0,0.00029311927946151735,0.00023083537303873004,1.0131095755102694e-07
2021-07-31,4.138761915052509e-05,5.0635080092605046e-05,4.138761915052509e-05,5.0635080092605046e-05,6.333632449839165e-09,1.3829565297934157e-08,0,0.00029311927946151735,0.00023083537303873004,1.0131095755102694e-07
2021-08-01,4.6439774305745376e-05,5.6112881628710074e-05,4.6439774305745376e-05,5.6112881628710074e-05,2.886584488097726e-09,5.822663439144185e-09,0,0.00029311927946151735,0.00023083537303873004,1.0131095755102694e-07
2021-08-02,0.00010350580636996243,0.0001839647345495136,0.00010350580636996243,0.0001839647345495136,5.087394376095334e-08,1.7348348446684975e-07,0,0.00029311927946151735,0.00023083537303873004,1.0131095755102694e-07
2021-08-03,0.00016785728226088753,0.00019515371750227932,0.00016785728226088753,0.00019515371750227932,1.0168084528808696e-07,2.03725752265905e-07,0,0.00029311927946151735,0.00023083537303873004,1.0131095755102694e-07
2021-08-04,0.00013501350320969658,0.00015728983506496563,0.00013501350320969658,0.00015728983506496563,3.7276499590825346e-08,4.535215693653854e-08,0,0.00029311927946151735,0.00023083537303873004,1.0131095755102694e-07
2021-08-05,0.00013065708497156915,0.00014940774645461148,0.00013065708497156915,0.00014940774645461148,3.29281924701063e-08,3.617800743307899e-08,0,0.00029311927946151735,0.00023083537303873004,1.0131095755102694e-07
2021-08-06,8.200117825193862e-05,0.00010985563517000702,8.200117825193862e-05,0.00010985563517000702,2.6297828833358133e-08,3.36806439216975e-08,0,0.00029311927946151735,0.00023083537303873004,1.0131095755102694e-07
2021-08-07,5.5820248145258516e-05,8.285931046490281e-05,5.5820248145258516e-05,8.285931046490281e-05,1.5003942613669118e-08,7.370893393573586e-08,0,0.00029311927946151735,0.00023083537303873004,1.0131095755102694e-07
2021-08-08,0.00018492723321934942,0.00023930537737852262,0.00018492723321934942,0.00023930537737852262,1.032372222567631e-07,1.7927088732451916e-07,1,0.00029311927946151735,0.00023083537303873004,1.0131095755102694e-07
2021-08-09,0.000132475840256511,0.00016235565954150923,0.000132475840256511,0.00016235565954150923,4.356410598155689e-08,6.226149726354964e-08,0,0.00029311927946151735,0.00023083537303873004,1.0131095755102694e-07
2021-08-10,8.618381300423201e-05,0.00010988624146632981,8.618381300423201e-05,0.00010988624146632981,2.72223464828464e-08,3.6753093360459256e-08,0,0.00029311927946151735,0.00023083537303873004,1.0131095755102694e-07
2021-08-11,4.8327018446158385e-05,5.867176317424824e-05,4.8327018446158385e-05,5.867176317424824e-05,2.1101370502159026e-08,3.8516455648499385e-08,0,0.00029311927946151735,0.00023083537303873004,1.0131095755102694e-07
2021-08-12,5.463587707916598e-05,5.819162751227452e-05,5.463587707916598e-05,5.819162751227452e-05,1.4525065092856273e-08,1.792265414171633e-08,0,0.00029311927946151735,0.00023083537303873004,1.0131095755102694e-07
2021-08-13,7.360454085320008e-05,8.868002025081097e-05,7.360454085320008e-05,8.868002025081097e-05,1.5257353197150077e-08,1.8742235413738387e-08,0,0.00029311927946151735,0.00023083537303873004,1.0131095755102694e-07
2021-08-14,5.9192812520425736e-05,8.563128490295262e-05,5.9192812520425736e-05,8.563128490295262e-05,1.2152050864191947e-08,1.5957940495246364e-08,0,0.00029311927946151735,0.00023083537303873004,1.0131095755102694e-07
2021-08-15,4.948987557724495e-05,7.4798807393143e-05,4.948987557724495e-05,7.4798807393143e-05,1.4679502460690127e-08,2.8486570909938535e-08,0,0.00029311927946151735,0.00023083537303873004,1.0131095755102694e-07
2021-08-16,1.1107039044882333e-05,2.4695119289103904e-05,1.1107039044882333e-05,2.4695119289103904e-05,3.3432356407730856e-09,1.0071735017403505e-08,0,0.00029311927946151735,0.00023083537303873004,1.0131095755102694e-07
2021-08-17,3.721711068496489e-05,0.00012136506187827734,3.721711068496489e-05,0.00012136506187827734,2.426305408246692e-08,1.1506810135528432e-07,0,0.00029311927946151735,0.00023083537303873004,1.0131095755102694e-07
2021-08-18,0.0001623282284063421,0.00017784249622989216,0.0001623282284063421,0.00017784249622989216,1.5348535599344044e-07,2.2089658172843514e-07,0,0.00029311927946151735,0.00023083537303873004,1.0131095755102694e-07
2021-08-19,7.887006167217863e-05,0.00012039626196958019,7.887006167217863e-05,0.00012039626196958019,4.972210018062638e-08,1.0441644209162034e-07,0,0.00029311927946151735,0.00023083537303873004,1.0131095755102694e-07
2021-08-20,6.526224596862013e-05,9.976391644428924e-05,6.526224596862013e-05,9.976391644428924e-05,1.9719939419327698e-08,3.631505658532803e-08,0,0.00029311927946151735,0.00023083537303873004,1.0131095755102694e-07
2021-08-21,5.2000298873450264e-05,0.00016106681170069116,5.2000298873450264e-05,0.00016106681170069116,2.2918392486268317e-08,7.114221833507987e-08,0,0.00029311927946151735,0.00023083537303873004,1.0131095755102694e-07
2021-08-22,0.00014886898813734864,0.0002010624487225714,0.00014886898813734864,0.0002010624487225714,5.5144090655460104e-08,7.429032499703094e-08,0,0.00029311927946151735,0.00023083537303873004,1.0131095755102694e-07
2021-08-23,0.00016780447382957922,0.0001984451834781827,0.00016780447382957922,0.0001984451834781827,6.582186344735956e-08,9.951166755696192e-08,0,0.00029311927946151735,0.00023083537303873004,1.0131095755102694e-07
2021-08-24,0.00013462674824015443,0.0002057908113282672,0.00013462674824015443,0.0002057908113282672,5.0891246086928074e-08,9.555151616999078e-08,0,0.00029311927946151735,0.00023083537303873004,1.0131095755102694e-07
2021-08-25,0.000116117011749526,0.0001713871463950471,0.000116117011749526,0.0001713871463950471,3.7270757392484596e-08,5.807013683931009e-08,0,0.00029311927946151735,0.00023083537303873004,1.0131095755102694e-07
2021-08-26,6.91706431768225e-05,8.750367244886697e-05,6.91706431768225e-05,8.750367244886697e-05,1.996582647086377e-08,2.7597631652908806e-08,0,0.00029311927946151735,0.00023083537303873004,1.0131095755102694e-07
2021-08-27,6.177656023016825e-05,8.840092487861542e-05,6.177656023016825e-05,8.840092487861542e-05,9.993215384545176e-09,2.5177862647231538e-08,0,0.00029311927946151735,0.00023083537303873004,1.0131095755102694e-07
2021-08-28,8.307486720179739e-05,0.00015459951815856564,8.307486720179739e-05,0.00015459951815856564,1.651299931683723e-08,3.253110799936491e-08,0,0.00029311927946151735,0.00023083537303873004,1.0131095755102694e-07
2021-08-29,0.00010313650687903429,0.0001612061393513272,0.00010313650687903429,0.0001612061393513272,6.987202305865229e-09,1.0177929544390723e-08,0,0.00029311927946151735,0.00023083537303873004,1.0131095755102694e-07
2021-08-30,2.2347300169292317e-05,4.343281336472816e-05,2.2347300169292317e-05,4.343281336472816e-05,4.614628669192677e-09,5.939234376126978e-09,0,0.00029311927946151735,0.00023083537303873004,1.0131095755102694e-07
2021-08-31,3.3853303289530205e-05,4.676484318923153e-05,3.3853303289530205e-05,4.676484318923153e-05,3.918445726779456e-09,5.877532143540991e-09,0,0.00029311927946151735,0.00023083537303873004,1.0131095755102694e-07
2021-09-01,4.692468959987812e-05,5.512329318098351e-05,4.692468959987812e-05,5.512329318098351e-05,6.3364534513940585e-09,1.3992887428834486e-08,0,0.00029311927946151735,0.00023083537303873004,1.0131095755102694e-07
2021-09-02,1.970592459023858e-05,4.007031851737551e-05,1.970592459023858e-05,4.007031851737551e-05,2.4345274158744073e-09,4.542845061396285e-09,0,0.00029311927946151735,0.00023083537303873004,1.0131095755102694e-07
2021-09-03,4.523859961417988e-05,8.116081009702793e-05,4.523859961417988e-05,8.116081009702793e-05,3.4708298191897906e-08,7.720286461272724e-08,0,0.00029311927946151735,0.00023083537303873004,1.0131095755102694e-07
2021-09-04,0.00015172279885854138,0.00020305987171669891,0.00015172279885854138,0.00020305987171669891,5.500337965941234e-08,8.095335680082065e-08,0,0.00029311927946151735,0.00023083537303873004,1.0131095755102694e-07
2021-09-05,0.00012186249702189493,0.00014576693808765142,0.00012186249702189493,0.00014576693808765142,6.081255020735415e-08,7.330733443951602e-08,0,0.00029311927946151735,0.00023083537303873004,1.0131095755102694e-07
2021-09-06,0.00011025473628767576,0.00015388481112737698,0.00011025473628767576,0.00015388481112737698,5.0288555672976446e-08,7.294768490953963e-08,0,0.00029311927946151735,0.00023083537303873004,1.0131095755102694e-07
2021-09-07,3.576805917168427e-05,5.467377160144867e-05,3.576805917168427e-05,5.467377160144867e-05,1.7610480293679813e-08,3.347506304957403e-08,0,0.00029311927946151735,0.00023083537303873004,1.0131095755102694e-07
2021-09-08,3.344859530808094e-05,5.883792847285645e-05,3.344859530808094e-05,5.883792847285645e-05,1.0819751401937405e-08,1.5551558088710076e-08,0,0.00029311927946151735,0.00023083537303873004,1.0131095755102694e-07
2021-09-09,6.788806155185073e-05,8.661989219656369e-05,6.788806155185073e-05,8.661989219656369e-05,1.6924447749900142e-08,3.0928412680221207e-08,0,0.00029311927946151735,0.00023083537303873004,1.0131095755102694e-07
2021-09-10,4.8528891681367415e-05,7.782805349703653e-05,4.8528891681367415e-05,7.782805349703653e-05,1.5262704015362935e-08,3.0465343286152494e-08,0,0.00029311927946151735,0.00023083537303873004,1.0131095755102694e-07
2021-09-11,1.828348114778568e-05,2.8101958204465332e-05,1.828348114778568e-05,2.8101958204465332e-05,5.512611026744429e-09,9.821709837434279e-09,0,0.00029311927946151735,0.00023083537303873004,1.0131095755102694e-07
2021-09-12,2.1394477870305266e-05,3.410507384923367e-05,2.1394477870305266e-05,3.410507384923367e-05,8.381160674151528e-09,2.9241931274853353e-08,0,0.00029311927946151735,0.00023083537303873004,1.0131095755102694e-07
2021-09-13,7.061769460365182e-06,2.0823672557296578e-05,7.061769460365182e-06,2.0823672557296578e-05,1.1486955118632084e-08,4.252051095570172e-08,0,0.00029311927946151735,0.00023083537303873004,1.0131095755102694e-07
2021-09-14,3.569770603244135e-05,4.6449553942767235e-05,3.569770603244135e-05,4.6449553942767235e-05,2.951511235840504e-08,4.019916430759364e-08,0,0.00029311927946151735,0.00023083537303873004,1.0131095755102694e-07
2021-09-15,7.166815180608213e-05,9.722588433936056e-05,7.166815180608213e-05,9.722588433936056e-05,4.259748730387828e-08,5.310534671142376e-08,0,0.00029311927946151735,0.00023083537303873004,1.0131095755102694e-07
2021-09-16,9.9550220369878e-05,0.00011357561202867284,9.9550220369878e-05,0.00011357561202867284,2.92875706624589e-08,3.9036042416124205e-08,0,0.00029311927946151735,0.00023083537303873004,1.0131095755102694e-07
2021-09-17,8.296233212232616e-05,8.793068237980863e-05,8.296233212232616e-05,8.793068237980863e-05,1.9115452271924517e-08,2.4450051054677952e-08,0,0.00029311927946151735,0.00023083537303873004,1.0131095755102694e-07
2021-09-18,9.151665810399301e-05,0.00010638428624017715,9.151665810399301e-05,0.00010638428624017715,2.0991707639905982e-08,2.6686729830290046e-08,0,0.00029311927946151735,0.00023083537303873004,1.0131095755102694e-07
2021-09-19,0.00016727038859464517,0.0002646174800839116,0.00016727038859464517,0.0002646174800839116,4.9714825030265645e-08,9.191487486809306e-08,0,0.00029311927946151735,0.00023083537303873004,1.0131095755102694e-07
2021-09-20,0.00013881832814492413,0.00023520768655035362,0.00013881832814492413,0.00023520768655035362,4.106391870653995e-08,5.7385247245736146e-08,0,0.00029311927946151735,0.00023083537303873004,1.0131095755102694e-07
2021-09-21,4.777016016724827e-05,9.930663974835915e-05,4.777016016724827e-05,9.930663974835915e-05,1.3821397765659674e-08,3.579971596179096e-08,0,0.00029311927946151735,0.00023083537303873004,1.0131095755102694e-07
2021-09-22,1.8186653683307782e-05,3.671278113838217e-05,1.8186653683307782e-05,3.671278113838217e-05,3.139854961443156e-09,4.89726204405266e-09,0,0.00029311927946151735,0.00023083537303873004,1.0131095755102694e-07
2021-09-23,2.6209357541058872e-05,3.417455093859927e-05,2.6209357541058872e-05,3.417455093859927e-05,5.4472403537291134e-09,1.2356229819367647e-08,0,0.00029311927946151735,0.00023083537303873004,1.0131095755102694e-07
2021-09-24,1.8008254742611402e-05,2.5771419532617255e-05,1.8008254742611402e-05,2.5771419532617255e-05,7.383684079810433e-09,1.2900043671816015e-08,0,0.00029311927946151735,0.00023083537303873004,1.0131095755102694e-07
2021-09-25,3.021793835642674e-05,9.53734675515301e-05,3.021793835642674e-05,9.53734675515301e-05,1.2843608430167601e-08,7.578627922390749e-08,0,0.00029311927946151735,0.00023083537303873004,1.0131095755102694e-07
2021-09-26,0.00021275610042797893,0.0002792516922318447,0.00021275610042797893,0.0002792516922318447,1.7415170756481007e-07,2.8603134267307956e-07,1,0.00029311927946151735,0.00023083537303873004,1.0131095755102694e-07
2021-09-27,8.256232440866097e-05,0.0001268338226892856,8.256232440866097e-05,0.0001268338226892856,4.576459488607647e-08,9.65210101192706e-08,0,0.00029311927946151735,0.00023083537303873004,1.0131095755102694e-07
2021-09-28,0.000171724304808836,0.0002791096765629671,0.000171724304808836,0.0002791096765629671,3.674039207047354e-08,4.454427775031271e-08,0,0.00029311927946151735,0.00023083537303873004,1.0131095755102694e-07
2021-09-29,7.677780961844814e-05,0.00013331525864573374,7.677780961844814e-05,0.00013331525864573374,2.1077246591937136e-08,4.15740199953542e-08,0,0.00029311927946151735,0.00023083537303873004,1.0131095755102694e-07
2021-09-30,5.93509962129269e-05,9.675227047932193e-05,5.93509962129269e-05,9.675227047932193e-05,1.6985029483470513e-08,3.2657341446172175e-08,0,0.00029311927946151735,0.00023083537303873004,1.0131095755102694e-07
2021-10-01,6.919596256001567e-05,9.85544183930242e-05,6.919596256001567e-05,9.85544183930242e-05,1.788789982378794e-08,3.3919149661855126e-08,0,0.00029311927946151735,0.00023083537303873004,1.0131095755102694e-07
2021-10-02,3.0255254144059476e-05,5.514259776428889e-05,3.0255254144059476e-05,5.514259776428889e-05,9.204391221098689e-09,1.6258808515635818e-08,0,0.00029311927946151735,0.00023083537303873004,1.0131095755102694e-07
2021-10-03,0.0001772249203827067,0.00031069210347255724,0.0001772249203827067,0.00031069210347255724,1.3437416914071945e-07,2.4078245729471763e-07,1,0.00029311927946151735,0.00023083537303873004,1.0131095755102694e-07
2021-10-04,0.00018920807387582227,0.0002641420563978861,0.00018920807387582227,0.0002641420563978861,1.4110279859657343e-07,2.0704284187546148e-07,1,0.00029311927946151735,0.00023083537303873004,1.0131095755102694e-07
2021-10-05,4.9542640153557036e-05,9.91184614544657e-05,4.9542640153557036e-05,9.91184614544657e-05,2.7800320160722884e-08,6.053809151181122e-08,0,0.00029311927946151735,0.00023083537303873004,1.0131095755102694e-07
2021-10-06,8.715621061030977e-05,0.00011822109825850148,8.715621061030977e-05,0.00011822109825850148,3.119128162651693e-08,4.68629936311829e-08,0,0.00029311927946151735,0.00023083537303873004,1.0131095755102694e-07
2021-10-07,5.008789289613629e-05,5.984975654191036e-05,5.008789289613629e-05,5.984975654191036e-05,2.0322807150805e-08,3.2860372292633827e-08,0,0.00029311927946151735,0.00023083537303873004,1.0131095755102694e-07
2021-10-08,3.162574075272786e-05,0.00013839112428822142,3.162574075272786e-05,0.00013839112428822142,1.9670165590326195e-08,1.3493552775592912e-07,0,0.00029311927946151735,0.00023083537303873004,1.0131095755102694e-07
2021-10-09,0.0004287863449625251,0.0005166458433483896,0.0004287863449625251,0.0005166458433483896,3.590596336541179e-07,5.126469666309767e-07,1,0.00029311927946151735,0.00023083537303873004,1.0131095755102694e-07
2021-10-10,0.00023594370750783833,0.0004117540380940446,0.00023594370750783833,0.0004117540380940446,1.3632550470967864e-07,2.526566134749268e-07,1,0.00029311927946151735,0.00023083537303873004,1.0131095755102694e-07
2021-10-11,6.858771384375026e-05,0.00012310318468246144,6.858771384375026e-05,0.00012310318468246144,2.9409558969885228e-08,4.998863643342942e-08,0,0.00029311927946151735,0.00023083537303873004,1.0131095755102694e-07
2021-10-12,4.144157898404973e-05,0.00010942950112112275,4.144157898404973e-05,0.00010942950112112275,3.54127194873331e-08,9.644442740490545e-08,0,0.00029311927946151735,0.00023083537303873004,1.0131095755102694e-07
2021-10-13,0.00010167150499889426,0.0001473352296727535,0.00010167150499889426,0.0001473352296727535,9.888776593166915e-08,1.4169452457105804e-07,0,0.00029311927946151735,0.00023083537303873004,1.0131095755102694e-07
2021-10-14,0.00017479740739499204,0.00018693745187084985,0.00017479740739499204,0.00018693745187084985,1.2272784195684745e-07,1.5426468638402228e-07,0,0.00029311927946151735,0.00023083537303873004,1.0131095755102694e-07
2021-10-15,0.00015475875234935966,0.00018747578500709905,0.00015475875234935966,0.00018747578500709905,8.327528487616113e-08,1.0954455903320531e-07,0,0.00029311927946151735,0.00023083537303873004,1.0131095755102694e-07
2021-10-16,8.735601327731047e-05,0.00011327633920785991,8.735601327731047e-05,0.00011327633920785991,3.5956745975063615e-08,5.213018925991203e-08,0,0.00029311927946151735,0.00023083537303873004,1.0131095755102694e-07
2021-10-17,4.3174314824120736e-05,6.221071445484086e-05,4.3174314824120736e-05,6.221071445484086e-05,2.0057133601598952e-08,2.993692044998304e-08,0,0.00029311927946151735,0.00023083537303873004,1.0131095755102694e-07
2021-10-18,7.902125204666879e-05,0.00010443960269427234,7.902125204666879e-05,0.00010443960269427234,4.696317711730699e-08,7.23326139687724e-08,0,0.00029311927946151735,0.00023083537303873004,1.0131095755102694e-07
2021-10-19,5.138484667600246e-05,9.698737922982877e-05,5.138484667600246e-05,9.698737922982877e-05,3.812373112916853e-08,7.068083799213091e-08,0,0.00029311927946151735,0.00023083537303873004,1.0131095755102694e-07
2021-10-20,5.614123136296092e-05,6.611924310792617e-05,5.614123136296092e-05,6.611924310792617e-05,2.8848307764978123e-08,3.617158765234017e-08,0,0.00029311927946151735,0.00023083537303873004,1.0131095755102694e-07
2021-10-21,5.847387179481955e-05,6.498885542706883e-05,5.847387179481955e-05,6.498885542706883e-05,2.4129580396430683e-08,3.187964246570004e-08,0,0.00029311927946151735,0.00023083537303873004,1.0131095755102694e-07
2021-10-22,5.586079250647997e-05,5.9549940846158294e-05,5.586079250647997e-05,5.9549940846158294e-05,1.2943241696904986e-08,1.8233920293026344e-08,0,0.00029311927946151735,0.00023083537303873004,1.0131095755102694e-07
2021-10-23,7.172871454210024e-05,9.119528358363525e-05,7.172871454210024e-05,9.119528358363525e-05,1.1850087270266238e-08,1.9107950831831226e-08,0,0.00029311927946151735,0.00023083537303873004,1.0131095755102694e-07
2021-10-24,5.89724970212822e-05,9.022328841490334e-05,5.89724970212822e-05,9.022328841490334e-05,1.1713220358637877e-08,1.8967461687768633e-08,0,0.00029311927946151735,0.00023083537303873004,1.0131095755102694e-07
2021-10-25,5.577272760005398e-05,0.00013490821108249997,5.577272760005398e-05,0.00013490821108249997,2.685877343695604e-08,1.0040584976444058e-07,0,0.00029311927946151735,0.00023083537303873004,1.0131095755102694e-07
2021-10-26,0.00016859002477574942,0.00019159905110548435,0.00016859002477574942,0.00019159905110548435,1.1489119085758308e-07,1.587276384991929e-07,0,0.00029311927946151735,0.00023083537303873004,1.0131095755102694e-07
2021-10-27,0.000116277125851855,0.00013679485598073853,0.000116277125851855,0.00013679485598073853,4.802332394832068e-08,7.754994619008283e-08,0,0.00029311927946151735,0.00023083537303873004,1.0131095755102694e-07
2021-10-28,0.0001028513097601246,0.00011573412815146812,0.0001028513097601246,0.00011573412815146812,3.419675817120437e-08,3.857617457543091e-08,0,0.00029311927946151735,0.00023083537303873004,1.0131095755102694e-07
2021-10-29,8.755428012258895e-05,0.00011500159964215263,8.755428012258895e-05,0.00011500159964215263,2.5002533975666685e-08,3.1227759426728965e-08,0,0.00029311927946151735,0.00023083537303873004,1.0131095755102694e-07
2021-10-30,7.215644800842028e-05,0.0001022698616022607,7.215644800842028e-05,0.0001022698616022607,3.047917329430551e-08,4.148960076376621e-08,0,0.00029311927946151735,0.00023083537303873004,1.0131095755102694e-07
2021-10-31,7.318067825040179e-05,0.00010497072190254692,7.318067825040179e-05,0.00010497072190254692,3.3235302672667426e-08,4.714047609582619e-08,0,0.00029311927946151735,0.00023083537303873004,1.0131095755102694e-07
2021-11-01,6.496416438932732e-05,0.00010992814797122636,6.496416438932732e-05,0.00010992814797122636,2.5198809896271272e-08,4.236518158725519e-08,0,0.00029311927946151735,0.00023083537303873004,1.0131095755102694e-07
2021-11-02,8.561301223377817e-05,0.00010958726816825413,8.561301223377817e-05,0.00010958726816825413,2.7858940825457148e-08,4.2008824153152754e-08,0,0.00029311927946151735,0.00023083537303873004,1.0131095755102694e-07
2021-11-03,6.205553694712862e-05,7.399848370272008e-05,6.205553694712862e-05,7.399848370272008e-05,1.5268343227828104e-08,2.342467787327643e-08,0,0.00029311927946151735,0.00023083537303873004,1.0131095755102694e-07
2021-11-04,3.091301264258121e-05,3.816896758622168e-05,3.091301264258121e-05,3.816896758622168e-05,4.577860078027306e-09,6.624526963512807e-09,0,0.00029311927946151735,0.00023083537303873004,1.0131095755102694e-07
2021-11-05,7.70056643107495e-05,0.0002704765258040449,7.70056643107495e-05,0.0002704765258040449,6.338859155662121e-08,3.3198796414068515e-07,1,0.00029311927946151735,0.00023083537303873004,1.0131095755102694e-07
2021-11-06,0.00031299748617240986,0.0004118797608221112,0.00031299748617240986,0.0004118797608221112,2.0918054737142257e-07,3.3720595453385165e-07,1,0.00029311927946151735,0.00023083537303873004,1.0131095755102694e-07
2021-11-07,6.952939691694178e-05,0.00022365841757108874,6.952939691694178e-05,0.00022365841757108874,5.8390161875269906e-08,1.5632027787758406e-07,0,0.00029311927946151735,0.00023083537303873004,1.0131095755102694e-07
2021-11-08,2.7226008927477684e-05,3.397416416170954e-05,2.7226008927477684e-05,3.397416416170954e-05,6.629881355520833e-09,1.0984748787036349e-08,0,0.00029311927946151735,0.00023083537303873004,1.0131095755102694e-07
2021-11-09,3.7303646261751076e-05,3.955332745426477e-05,3.7303646261751076e-05,3.955332745426477e-05,1.0995559286942206e-08,1.4757376930883488e-08,0,0.00029311927946151735,0.00023083537303873004,1.0131095755102694e-07
2021-11-10,7.208877971131554e-05,0.00010177618419036172,7.208877971131554e-05,0.00010177618419036172,2.8437218146492613e-08,4.77301220608636e-08,0,0.00029311927946151735,0.00023083537303873004,1.0131095755102694e-07
2021-11-11,9.613468260920908e-05,0.00010371411752496268,9.613468260920908e-05,0.00010371411752496268,4.679020570488534e-08,5.635994302280121e-08,0,0.00029311927946151735,0.00023083537303873004,1.0131095755102694e-07
2021-11-12,4.091250293366861e-05,7.009249634097954e-05,4.091250293366861e-05,7.009249634097954e-05,2.029230406793327e-08,4.532612171605163e-08,0,0.00029311927946151735,0.00023083537303873004,1.0131095755102694e-07
2021-11-13,4.437531438749869e-05,4.985052419690653e-05,4.437531438749869e-05,4.985052419690653e-05,1.6546981304994654e-08,3.01949770537608e-08,0,0.00029311927946151735,0.00023083537303873004,1.0131095755102694e-07
2021-11-14,6.340186213933028e-05,8.895380564336813e-05,6.340186213933028e-05,8.895380564336813e-05,2.7619486808054288e-08,4.3240183434496956e-08,0,0.00029311927946151735,0.00023083537303873004,1.0131095755102694e-07
2021-11-15,5.3445761704632725e-05,8.671887351702827e-05,5.3445761704632725e-05,8.671887351702827e-05,2.4450663408783887e-08,4.19367364016917e-08,0,0.00029311927946151735,0.00023083537303873004,1.0131095755102694e-07
2021-11-16,3.9638400473626695e-05,6.905286743170786e-05,3.9638400473626695e-05,6.905286743170786e-05,2.4942192570003772e-08,7.277898336785156e-08,0,0.00029311927946151735,0.00023083537303873004,1.0131095755102694e-07
2021-11-17,4.130812463508179e-05,6.854338633999163e-05,4.130812463508179e-05,6.854338633999163e-05,2.7877193146334776e-08,7.047941596568241e-08,0,0.00029311927946151735,0.00023083537303873004,1.0131095755102694e-07
2021-11-18,2.487540982891102e-05,3.31168381761192e-05,2.487540982891102e-05,3.31168381761192e-05,1.203603378762885e-08,2.0494153338015056e-08,0,0.00029311927946151735,0.00023083537303873004,1.0131095755102694e-07
2021-11-19,6.12411877654303e-05,9.240188481274705e-05,6.12411877654303e-05,9.240188481274705e-05,5.81331915418639e-08,9.549442904750222e-08,0,0.00029311927946151735,0.00023083537303873004,1.0131095755102694e-07
2021-11-20,0.00014599894791079683,0.00023127272610393444,0.00014599894791079683,0.00023127272610393444,1.0270732970464172e-07,1.7303325731680823e-07,1,0.00029311927946151735,0.00023083537303873004,1.0131095755102694e-07
2021-11-21,0.00015455739436318004,0.0002268081240428022,0.00015455739436318004,0.0002268081240428022,1.2500037442658138e-07,1.7609923665593874e-07,0,0.00029311927946151735,0.00023083537303873004,1.0131095755102694e-07
2021-11-22,4.7581663553942984e-05,7.901783733003114e-05,4.7581663553942984e-05,7.901783733003114e-05,4.213711860416093e-08,8.67351661603802e-08,0,0.00029311927946151735,0.00023083537303873004,1.0131095755102694e-07
2021-11-23,2.512347587539012e-05,3.193709051463854e-05,2.512347587539012e-05,3.193709051463854e-05,1.6425794915407546e-08,2.8819548510419888e-08,0,0.00029311927946151735,0.00023083537303873004,1.0131095755102694e-07
2021-11-24,5.2135925225651385e-05,6.684673695214616e-05,5.2135925225651385e-05,6.684673695214616e-05,2.6121928533603722e-08,3.862108892091609e-08,0,0.00029311927946151735,0.00023083537303873004,1.0131095755102694e-07
2021-11-25,3.928548146679374e-05,5.2009185776112175e-05,3.928548146679374e-05,5.2009185776112175e-05,2.3282930493302047e-08,3.6403306069656426e-08,0,0.00029311927946151735,0.00023083537303873004,1.0131095755102694e-07
2021-11-26,3.73092296138818e-05,5.131311372272833e-05,3.73092296138818e-05,5.131311372272833e-05,1.7266760454739678e-08,2.940206152710597e-08,0,0.00029311927946151735,0.00023083537303873004,1.0131095755102694e-07
2021-11-27,1.9329681998983906e-05,2.5221660551891754e-05,1.9329681998983906e-05,2.5221660551891754e-05,4.318147362084814e-09,8.412330672353621e-09,0,0.00029311927946151735,0.00023083537303873004,1.0131095755102694e-07
2021-11-28,6.590663170869011e-05,0.00015732656341824322,6.590663170869011e-05,0.00015732656341824322,5.957388571664986e-08,1.5106035898662962e-07,0,0.00029311927946151735,0.00023083537303873004,1.0131095755102694e-07
2021-11-29,9.347529622316749e-05,0.00019667919053239355,9.347529622316749e-05,0.00019667919053239355,7.480388805225147e-08,1.4849693177399681e-07,0,0.00029311927946151735,0.00023083537303873004,1.0131095755102694e-07
2021-11-30,2.31945189112779e-05,2.9658457685829075e-05,2.31945189112779e-05,2.9658457685829075e-05,1.771619164773361e-08,3.676757964305211e-08,0,0.00029311927946151735,0.00023083537303873004,1.0131095755102694e-07
2021-12-01,3.075247588280862e-05,5.701514602646008e-05,3.075247588280862e-05,5.701514602646008e-05,1.1472494058881441e-08,2.794931055171242e-08,0,0.00029311927946151735,0.00023083537303873004,1.0131095755102694e-07
2021-12-02,3.4672705294100984e-05,5.890289934408678e-05,3.4672705294100984e-05,5.890289934408678e-05,1.7161798169584132e-08,2.775664842581029e-08,0,0.00029311927946151735,0.00023083537303873004,1.0131095755102694e-07
2021-12-03,2.852573531372002e-05,3.2643750291728546e-05,2.852573531372002e-05,3.2643750291728546e-05,8.189637933282167e-09,1.3261872646975932e-08,0,0.00029311927946151735,0.00023083537303873004,1.0131095755102694e-07
2021-12-04,3.1742144667602945e-05,3.398721673908062e-05,3.1742144667602945e-05,3.398721673908062e-05,9.128668465661023e-09,1.164293421952567e-08,0,0.00029311927946151735,0.00023083537303873004,1.0131095755102694e-07
2021-12-05,2.0194203488994616e-05,3.518089305709077e-05,2.0194203488994616e-05,3.518089305709077e-05,1.160624254980138e-08,2.8541356679450296e-08,0,0.00029311927946151735,0.00023083537303873004,1.0131095755102694e-07
2021-12-06,3.185294409983298e-05,4.404914567509264e-05,3.185294409983298e-05,4.404914567509264e-05,3.351344866323235e-08,5.938670712565082e-08,0,0.00029311927946151735,0.00023083537303873004,1.0131095755102694e-07
2021-12-07,4.646681304120318e-05,0.00010139772277810937,4.646681304120318e-05,0.00010139772277810937,4.132073685174042e-08,7.704593421645805e-08,0,0.00029311927946151735,0.00023083537303873004,1.0131095755102694e-07
2021-12-08,6.260234789537553e-05,9.852350830472826e-05,6.260234789537553e-05,9.852350830472826e-05,3.360188544199948e-08,7.22268517677993e-08,0,0.00029311927946151735,0.00023083537303873004,1.0131095755102694e-07
2021-12-09,3.170696744563825e-05,4.395540808499931e-05,3.170696744563825e-05,4.395540808499931e-05,1.882313200052483e-08,2.8631829780638656e-08,0,0.00029311927946151735,0.00023083537303873004,1.0131095755102694e-07
2021-12-10,3.4848704689068257e-05,6.036048006512408e-05,3.4848704689068257e-05,6.036048006512408e-05,2.7851597199940947e-08,4.7277561207660395e-08,0,0.00029311927946151735,0.00023083537303873004,1.0131095755102694e-07
2021-12-11,0.00010456184735203136,0.00012628490724228165,0.00010456184735203136,0.00012628490724228165,8.191754679462603e-08,1.0168126872719666e-07,0,0.00029311927946151735,0.00023083537303873004,1.0131095755102694e-07
2021-12-12,4.748765953798706e-05,0.00011102381104284714,4.748765953798706e-05,0.00011102381104284714,4.4298370524198346e-08,8.903961458291263e-08,0,0.00029311927946151735,0.00023083537303873004,1.0131095755102694e-07
2021-12-13,1.7374013564528935e-05,2.2887104532314807e-05,1.7374013564528935e-05,2.2887104532314807e-05,8.605375011716886e-09,2.2356905015667697e-08,0,0.00029311927946151735,0.00023083537303873004,1.0131095755102694e-07
2021-12-14,1.6360976143125006e-05,2.0714881177439882e-05,1.6360976143125006e-05,2.0714881177439882e-05,8.71042476092317e-09,1.7800878818061167e-08,0,0.00029311927946151735,0.00023083537303873004,1.0131095755102694e-07
2021-12-15,3.6040224207319e-05,7.382678139494583e-05,3.6040224207319e-05,7.382678139494583e-05,2.8549355215982156e-08,6.986260446265445e-08,0,0.00029311927946151735,0.00023083537303873004,1.0131095755102694e-07
2021-12-16,8.416258253286062e-05,9.76472427947701e-05,8.416258253286062e-05,9.76472427947701e-05,7.072782656189361e-08,9.494556650981456e-08,0,0.00029311927946151735,0.00023083537303873004,1.0131095755102694e-07
2021-12-17,6.005875526368512e-05,8.087235983415406e-05,6.005875526368512e-05,8.087235983415406e-05,5.3850368850276144e-08,8.457989328293704e-08,0,0.00029311927946151735,0.00023083537303873004,1.0131095755102694e-07
2021-12-18,3.184154706172559e-05,5.0149502251315824e-05,3.184154706172559e-05,5.0149502251315824e-05,2.2798737738345825e-08,3.809746222249026e-08,0,0.00029311927946151735,0.00023083537303873004,1.0131095755102694e-07
2021-12-19,2.2963561473618352e-05,2.5595840442985437e-05,2.2963561473618352e-05,2.5595840442985437e-05,1.3464807055994896e-08,1.6402836069692715e-08,0,0.00029311927946151735,0.00023083537303873004,1.0131095755102694e-07
2021-12-20,1.250883098313296e-05,1.5162089247763629e-05,1.250883098313296e-05,1.5162089247763629e-05,5.093649621645004e-09,7.724228263999905e-09,0,0.00029311927946151735,0.00023083537303873004,1.0131095755102694e-07
2021-12-21,1.5738238844615717e-05,3.608212787396168e-05,1.5738238844615717e-05,3.608212787396168e-05,9.578987109821018e-09,4.0856354812739295e-08,0,0.00029311927946151735,0.00023083537303873004,1.0131095755102694e-07
2021-12-22,3.6037368470643165e-05,4.377878617751538e-05,3.6037368470643165e-05,4.377878617751538e-05,3.101970004633898e-08,4.4619175858125926e-08,0,0.00029311927946151735,0.00023083537303873004,1.0131095755102694e-07
2021-12-23,3.236634006363666e-05,3.8498712751536526e-05,3.236634006363666e-05,3.8498712751536526e-05,2.1440885207196643e-08,2.9134519344879915e-08,0,0.00029311927946151735,0.00023083537303873004,1.0131095755102694e-07
2021-12-24,3.395136228831375e-05,4.253764298092512e-05,3.395136228831375e-05,4.253764298092512e-05,2.213354240858454e-08,3.003808257373488e-08,0,0.00029311927946151735,0.00023083537303873004,1.0131095755102694e-07
2021-12-25,5.5301058292114054e-05,7.187806800937875e-05,5.5301058292114054e-05,7.187806800937875e-05,3.2024476752961953e-08,4.3555407240758206e-08,0,0.00029311927946151735,0.00023083537303873004,1.0131095755102694e-07
2021-12-26,4.625612875157806e-05,6.992758908627462e-05,4.625612875157806e-05,6.992758908627462e-05,2.9141879078214078e-08,4.3346958547602986e-08,0,0.00029311927946151735,0.00023083537303873004,1.0131095755102694e-07
2021-12-27,2.3694272708176777e-05,3.0433019131721108e-05,2.3694272708176777e-05,3.0433019131721108e-05,1.2002658841802532e-08,1.6703042314022613e-08,0,0.00029311927946151735,0.00023083537303873004,1.0131095755102694e-07
2021-12-28,3.3335201686874326e-05,6.262055090859874e-05,3.3335201686874326e-05,6.262055090859874e-05,2.099578131681807e-08,6.933997911536764e-08,0,0.00029311927946151735,0.00023083537303873004,1.0131095755102694e-07
2021-12-29,4.096210318601534e-05,6.32320849326862e-05,4.096210318601534e-05,6.32320849326862e-05,3.453817742969411e-08,7.205265099869425e-08,0,0.00029311927946151735,0.00023083537303873004,1.0131095755102694e-07
2021-12-30,2.9618198871399536e-05,3.369731916681652e-05,2.9618198871399536e-05,3.369731916681652e-05,2.1812728158114543e-08,2.4323367121701118e-08,0,0.00029311927946151735,0.00023083537303873004,1.0131095755102694e-07
2021-12-31,2.7676106531123008e-05,3.6310580389684896e-05,2.7676106531123008e-05,3.6310580389684896e-05,1.7766884188426267e-08,2.3900384690411608e-08,0,0.00029311927946151735,0.00023083537303873004,1.0131095755102694e-07
