date,aqi,aqi_quality,aqi_rank,aqi_pm25,aqi_pm10,aqi_no2,aqi_so2,aqi_co,aqi_o3,aqi_num,aqi_rank_num,aqi_pm25_num,aqi_pm10_num,aqi_no2_num,aqi_so2_num,aqi_o3_num,aqi_co_num,DUSMASS_daily_mean
2021-01-01,89.0,良,339.0,60.0,122.0,74.0,36.0,2.35,13.0,89.0,339.0,60.0,122.0,74.0,36.0,13.0,2.35,9.07606997428364e-09
2021-01-02,85.0,良,250.0,60.0,116.0,67.0,36.0,2.13,21.0,85.0,250.0,60.0,116.0,67.0,36.0,21.0,2.13,1.5535608019447372e-08
2021-01-03,65.0,良,144.0,37.0,81.0,56.0,25.0,1.36,30.0,65.0,144.0,37.0,81.0,56.0,25.0,30.0,1.36,3.16750417618361e-08
2021-01-04,64.0,良,149.0,35.0,78.0,46.0,21.0,1.09,36.0,64.0,149.0,35.0,78.0,46.0,21.0,36.0,1.09,6.740489024435512e-08
2021-01-05,51.0,良,151.0,29.0,55.0,39.0,23.0,0.95,36.0,51.0,151.0,29.0,55.0,39.0,23.0,36.0,0.95,4.4092742966481143e-08
2021-01-06,49.0,优,87.0,23.0,51.0,30.0,16.0,0.87,48.0,49.0,87.0,23.0,51.0,30.0,16.0,48.0,0.87,6.266499265960667e-08
2021-01-07,60.0,良,205.0,29.0,71.0,51.0,23.0,1.18,25.0,60.0,205.0,29.0,71.0,51.0,23.0,25.0,1.18,3.3822372442686844e-08
2021-01-08,82.0,良,347.0,52.0,112.0,73.0,30.0,2.05,13.0,82.0,347.0,52.0,112.0,73.0,30.0,13.0,2.05,2.122417012349053e-08
2021-01-09,75.0,良,325.0,51.0,100.0,60.0,36.0,1.82,19.0,75.0,325.0,51.0,100.0,60.0,36.0,19.0,1.82,1.6281197290588902e-08
2021-01-10,58.0,良,158.0,30.0,67.0,36.0,23.0,0.98,41.0,58.0,158.0,30.0,67.0,36.0,23.0,41.0,0.98,6.277628817501079e-08
2021-01-11,80.0,良,281.0,44.0,111.0,68.0,21.0,1.6,22.0,80.0,281.0,44.0,111.0,68.0,21.0,22.0,1.6,4.326830637446411e-08
2021-01-12,104.0,轻度污染,268.0,66.0,157.0,94.0,41.0,3.2,13.0,104.0,268.0,66.0,157.0,94.0,41.0,13.0,3.2,2.1372351260648906e-08
2021-01-13,94.0,良,251.0,61.0,136.0,89.0,39.0,2.78,15.0,94.0,251.0,61.0,136.0,89.0,39.0,15.0,2.78,2.0999192977620705e-08
2021-01-14,115.0,轻度污染,284.0,49.0,178.0,64.0,24.0,2.28,25.0,115.0,284.0,49.0,178.0,64.0,24.0,25.0,2.28,5.5335507139738624e-08
2021-01-15,81.0,良,135.0,31.0,111.0,43.0,22.0,1.23,34.0,81.0,135.0,31.0,111.0,43.0,22.0,34.0,1.23,1.083199376905276e-07
2021-01-16,52.0,良,87.0,25.0,55.0,30.0,18.0,0.82,45.0,52.0,87.0,25.0,55.0,30.0,18.0,45.0,0.82,7.256517688489711e-08
2021-01-17,78.0,良,238.0,49.0,107.0,69.0,25.0,1.96,17.0,78.0,238.0,49.0,107.0,69.0,25.0,17.0,1.96,2.977977049741797e-08
2021-01-18,100.0,良,344.0,63.0,150.0,85.0,28.0,3.0,14.0,100.0,344.0,63.0,150.0,85.0,28.0,14.0,3.0,7.59717442758798e-09
2021-01-19,81.0,良,229.0,47.0,111.0,76.0,31.0,2.15,23.0,81.0,229.0,47.0,111.0,76.0,31.0,23.0,2.15,2.2591985490771733e-08
2021-01-20,90.0,良,224.0,57.0,127.0,87.0,48.0,2.23,17.0,90.0,224.0,57.0,127.0,87.0,48.0,17.0,2.23,2.693424596346281e-08
2021-01-21,91.0,良,182.0,63.0,128.0,83.0,39.0,2.33,19.0,91.0,182.0,63.0,128.0,83.0,39.0,19.0,2.33,3.94135879810753e-08
2021-01-22,85.0,良,159.0,55.0,118.0,86.0,39.0,2.43,16.0,85.0,159.0,55.0,118.0,86.0,39.0,16.0,2.43,2.628214428292906e-08
2021-01-23,87.0,良,165.0,61.0,121.0,88.0,39.0,2.42,12.0,87.0,165.0,61.0,121.0,88.0,39.0,12.0,2.42,8.03939703660629e-09
2021-01-24,97.0,良,164.0,64.0,135.0,64.0,30.0,1.84,22.0,97.0,164.0,64.0,135.0,64.0,30.0,22.0,1.84,6.216924714990535e-08
2021-01-25,109.0,轻度污染,257.0,67.0,167.0,55.0,11.0,1.25,38.0,109.0,257.0,67.0,167.0,55.0,11.0,38.0,1.25,9.622765194153309e-08
2021-01-26,104.0,轻度污染,244.0,51.0,157.0,57.0,15.0,1.16,29.0,104.0,244.0,51.0,157.0,57.0,15.0,29.0,1.16,1.0705679548419467e-07
2021-01-27,93.0,良,207.0,48.0,137.0,51.0,21.0,1.23,30.0,93.0,207.0,48.0,137.0,51.0,21.0,30.0,1.23,7.718835889455018e-08
2021-01-28,119.0,轻度污染,308.0,49.0,188.0,63.0,25.0,1.34,27.0,119.0,308.0,49.0,188.0,63.0,25.0,27.0,1.34,9.548324827818232e-08
2021-01-29,82.0,良,251.0,46.0,116.0,60.0,25.0,1.35,25.0,82.0,251.0,46.0,116.0,60.0,25.0,25.0,1.35,2.3481841640364466e-08
2021-01-30,64.0,良,147.0,37.0,78.0,63.0,24.0,1.5,25.0,64.0,147.0,37.0,78.0,63.0,24.0,25.0,1.5,1.8215655393054778e-08
2021-01-31,65.0,良,139.0,42.0,79.0,64.0,26.0,1.54,31.0,65.0,139.0,42.0,79.0,64.0,26.0,31.0,1.54,1.7173596302078848e-08
2021-02-01,65.0,良,164.0,41.0,80.0,62.0,28.0,1.45,33.0,65.0,164.0,41.0,80.0,62.0,28.0,33.0,1.45,2.62602822190585e-08
2021-02-02,74.0,良,250.0,45.0,98.0,69.0,25.0,1.7,28.0,74.0,250.0,45.0,98.0,69.0,25.0,28.0,1.7,1.9939779234204856e-08
2021-02-03,65.0,良,181.0,38.0,81.0,59.0,23.0,1.6,30.0,65.0,181.0,38.0,81.0,59.0,23.0,30.0,1.6,2.1547693000858842e-08
2021-02-04,64.0,良,146.0,35.0,78.0,63.0,25.0,1.48,27.0,64.0,146.0,35.0,78.0,63.0,25.0,27.0,1.48,3.366315930697332e-08
2021-02-05,69.0,良,179.0,38.0,88.0,63.0,24.0,1.53,32.0,69.0,179.0,38.0,88.0,63.0,24.0,32.0,1.53,4.9177519893975104e-08
2021-02-06,63.0,良,168.0,38.0,77.0,58.0,26.0,1.53,33.0,63.0,168.0,38.0,77.0,58.0,26.0,33.0,1.53,2.0356607667642677e-08
2021-02-07,62.0,良,185.0,38.0,73.0,63.0,30.0,1.54,32.0,62.0,185.0,38.0,73.0,63.0,30.0,32.0,1.54,3.61162698190716e-08
2021-02-08,68.0,良,272.0,47.0,85.0,66.0,31.0,1.75,32.0,68.0,272.0,47.0,85.0,66.0,31.0,32.0,1.75,1.653599628866889e-08
2021-02-09,74.0,良,260.0,52.0,90.0,71.0,29.0,1.84,34.0,74.0,260.0,52.0,90.0,71.0,29.0,34.0,1.84,1.7871418591239207e-08
2021-02-10,81.0,良,236.0,59.0,97.0,75.0,32.0,1.86,39.0,81.0,236.0,59.0,97.0,75.0,32.0,39.0,1.86,1.434275818285472e-08
2021-02-11,90.0,良,230.0,60.0,114.0,61.0,23.0,1.68,40.0,90.0,230.0,60.0,114.0,61.0,23.0,40.0,1.68,7.476027376747902e-08
2021-02-12,91.0,良,190.0,60.0,120.0,38.0,28.0,1.05,49.0,91.0,190.0,60.0,120.0,38.0,28.0,49.0,1.05,6.832685971565306e-08
2021-02-13,52.0,良,168.0,20.0,58.0,22.0,10.0,0.56,66.0,52.0,168.0,20.0,58.0,22.0,10.0,66.0,0.56,5.8523633159935385e-08
2021-02-14,59.0,良,231.0,27.0,68.0,29.0,23.0,0.91,49.0,59.0,231.0,27.0,68.0,29.0,23.0,49.0,0.91,5.5394375128797716e-08
2021-02-15,49.0,优,203.0,22.0,49.0,26.0,16.0,0.66,63.0,49.0,203.0,22.0,49.0,26.0,16.0,63.0,0.66,6.451523363848206e-08
2021-02-16,44.0,优,146.0,24.0,44.0,38.0,18.0,1.18,52.0,44.0,146.0,24.0,44.0,38.0,18.0,52.0,1.18,3.2254730565779535e-08
2021-02-17,48.0,优,217.0,28.0,49.0,49.0,27.0,1.24,35.0,48.0,217.0,28.0,49.0,49.0,27.0,35.0,1.24,2.2642150917293973e-08
2021-02-18,50.0,优,219.0,27.0,53.0,46.0,21.0,1.08,45.0,50.0,219.0,27.0,53.0,46.0,21.0,45.0,1.08,1.4039769224074348e-08
2021-02-19,53.0,良,172.0,31.0,59.0,52.0,24.0,1.31,41.0,53.0,172.0,31.0,59.0,52.0,24.0,41.0,1.31,1.5656856452068832e-08
2021-02-20,55.0,良,191.0,29.0,61.0,54.0,22.0,1.43,34.0,55.0,191.0,29.0,61.0,54.0,22.0,34.0,1.43,1.1095142426611865e-08
2021-02-21,63.0,良,223.0,31.0,75.0,57.0,25.0,1.56,34.0,63.0,223.0,31.0,75.0,57.0,25.0,34.0,1.56,3.553828961951555e-08
2021-02-22,67.0,良,195.0,37.0,84.0,63.0,23.0,1.38,29.0,67.0,195.0,37.0,84.0,63.0,23.0,29.0,1.38,7.128073799619006e-08
2021-02-23,81.0,良,310.0,44.0,111.0,52.0,26.0,1.23,51.0,81.0,310.0,44.0,111.0,52.0,26.0,51.0,1.23,2.0559508039951618e-08
2021-02-24,77.0,良,309.0,39.0,103.0,24.0,14.0,0.71,93.0,77.0,309.0,39.0,103.0,24.0,14.0,93.0,0.71,4.238681215102709e-08
2021-02-25,68.0,良,284.0,49.0,79.0,29.0,12.0,0.9,81.0,68.0,284.0,49.0,79.0,29.0,12.0,81.0,0.9,4.621396858861977e-08
2021-02-26,56.0,良,207.0,37.0,58.0,33.0,8.0,0.87,53.0,56.0,207.0,37.0,58.0,33.0,8.0,53.0,0.87,1.4211159109825308e-08
2021-02-27,86.0,良,258.0,35.0,126.0,20.0,8.0,0.66,50.0,86.0,258.0,35.0,126.0,20.0,8.0,50.0,0.66,1.3878355356434303e-07
2021-02-28,66.0,良,279.0,26.0,83.0,17.0,12.0,0.54,67.0,66.0,279.0,26.0,83.0,17.0,12.0,67.0,0.54,2.073648337539661e-07
2021-03-01,56.0,良,319.0,26.0,63.0,36.0,10.0,0.71,55.0,56.0,319.0,26.0,63.0,36.0,10.0,55.0,0.71,9.320363270975818e-08
2021-03-02,74.0,良,323.0,42.0,98.0,57.0,21.0,1.1,33.0,74.0,323.0,42.0,98.0,57.0,21.0,33.0,1.1,6.517596814840671e-08
2021-03-03,71.0,良,296.0,40.0,92.0,62.0,22.0,1.15,37.0,71.0,296.0,40.0,92.0,62.0,22.0,37.0,1.15,4.819933069886444e-08
2021-03-04,69.0,良,263.0,36.0,87.0,63.0,24.0,1.13,34.0,69.0,263.0,36.0,87.0,63.0,24.0,34.0,1.13,4.1989916506274697e-08
2021-03-05,69.0,良,253.0,35.0,87.0,46.0,18.0,1.02,44.0,69.0,253.0,35.0,87.0,46.0,18.0,44.0,1.02,1.1754692294170813e-07
2021-03-06,67.0,良,310.0,33.0,84.0,52.0,15.0,0.82,48.0,67.0,310.0,33.0,84.0,52.0,15.0,48.0,0.82,7.361612148546565e-08
2021-03-07,72.0,良,294.0,40.0,94.0,53.0,18.0,1.0,45.0,72.0,294.0,40.0,94.0,53.0,18.0,45.0,1.0,2.998026159116859e-08
2021-03-08,57.0,良,168.0,31.0,65.0,53.0,14.0,1.12,43.0,57.0,168.0,31.0,65.0,53.0,14.0,43.0,1.12,1.9771522148837463e-08
2021-03-09,61.0,良,201.0,34.0,72.0,51.0,15.0,0.94,50.0,61.0,201.0,34.0,72.0,51.0,15.0,50.0,0.94,1.5399277074548286e-08
2021-03-10,52.0,良,163.0,26.0,57.0,42.0,8.0,0.78,65.0,52.0,163.0,26.0,57.0,42.0,8.0,65.0,0.78,3.011134152234011e-08
2021-03-11,62.0,良,214.0,35.0,75.0,61.0,15.0,1.18,43.0,62.0,214.0,35.0,75.0,61.0,15.0,43.0,1.18,2.266485624782354e-08
2021-03-12,69.0,良,242.0,34.0,87.0,55.0,23.0,1.2,44.0,69.0,242.0,34.0,87.0,55.0,23.0,44.0,1.2,3.819995969090769e-08
2021-03-13,78.0,良,238.0,44.0,106.0,76.0,23.0,1.3,38.0,78.0,238.0,44.0,106.0,76.0,23.0,38.0,1.3,2.6121170435206796e-08
2021-03-14,313.0,严重污染,363.0,117.0,486.0,49.0,10.0,0.83,54.0,313.0,363.0,117.0,486.0,49.0,10.0,54.0,0.83,1.3259178158783427e-07
2021-03-15,152.0,中度污染,290.0,74.0,254.0,76.0,24.0,1.31,37.0,152.0,290.0,74.0,254.0,76.0,24.0,37.0,1.31,9.002384738230233e-08
2021-03-16,500.0,严重污染,360.0,657.0,3549.0,27.0,6.0,0.63,38.0,500.0,360.0,657.0,3549.0,27.0,6.0,38.0,0.63,1.6207278813693621e-07
2021-03-17,500.0,严重污染,349.0,434.0,2552.0,28.0,11.0,0.68,26.0,500.0,349.0,434.0,2552.0,28.0,11.0,26.0,0.68,6.159925865919597e-08
2021-03-18,500.0,严重污染,362.0,260.0,1564.0,39.0,20.0,0.85,13.0,500.0,362.0,260.0,1564.0,39.0,20.0,13.0,0.85,7.994942082738895e-08
2021-03-19,422.0,严重污染,356.0,127.0,846.0,19.0,5.0,0.5,49.0,422.0,356.0,127.0,846.0,19.0,5.0,49.0,0.5,1.4843466257498747e-07
2021-03-20,259.0,重度污染,345.0,58.0,379.0,20.0,7.0,0.44,63.0,259.0,345.0,58.0,379.0,20.0,7.0,63.0,0.44,1.7959466100873056e-07
2021-03-21,122.0,轻度污染,336.0,41.0,194.0,29.0,6.0,0.55,60.0,122.0,336.0,41.0,194.0,29.0,6.0,60.0,0.55,1.3914418151446758e-07
2021-03-22,122.0,轻度污染,340.0,51.0,194.0,56.0,12.0,0.96,40.0,122.0,340.0,51.0,194.0,56.0,12.0,40.0,0.96,7.425837788369545e-08
2021-03-23,103.0,轻度污染,315.0,46.0,155.0,59.0,15.0,1.09,47.0,103.0,315.0,46.0,155.0,59.0,15.0,47.0,1.09,4.928570160838363e-08
2021-03-24,143.0,轻度污染,356.0,57.0,235.0,61.0,13.0,0.95,44.0,143.0,356.0,57.0,235.0,61.0,13.0,44.0,0.95,6.78019186564532e-08
2021-03-25,188.0,中度污染,356.0,57.0,261.0,44.0,12.0,0.84,56.0,188.0,356.0,57.0,261.0,44.0,12.0,56.0,0.84,1.0172377618932242e-07
2021-03-26,140.0,轻度污染,351.0,53.0,220.0,28.0,7.0,0.57,80.0,140.0,351.0,53.0,220.0,28.0,7.0,80.0,0.57,1.639747358835051e-07
2021-03-27,115.0,轻度污染,316.0,48.0,181.0,52.0,18.0,0.99,54.0,115.0,316.0,48.0,181.0,52.0,18.0,54.0,0.99,5.897321095364064e-08
2021-03-28,142.0,轻度污染,262.0,59.0,222.0,47.0,13.0,0.95,50.0,142.0,262.0,59.0,222.0,47.0,13.0,50.0,0.95,1.0021777319159854e-07
2021-03-29,407.0,严重污染,346.0,172.0,687.0,43.0,13.0,0.82,47.0,407.0,346.0,172.0,687.0,43.0,13.0,47.0,0.82,5.820065252780825e-08
2021-03-30,193.0,中度污染,316.0,75.0,297.0,41.0,11.0,0.85,50.0,193.0,316.0,75.0,297.0,41.0,11.0,50.0,0.85,5.114502488441234e-08
2021-03-31,73.0,良,193.0,40.0,99.0,24.0,7.0,0.65,62.0,73.0,193.0,40.0,99.0,24.0,7.0,62.0,0.65,9.587768137456262e-08
2021-04-01,32.0,优,115.0,20.0,29.0,22.0,6.0,0.54,63.0,32.0,115.0,20.0,29.0,22.0,6.0,63.0,0.54,4.268081161419159e-08
2021-04-02,25.0,优,62.0,17.0,20.0,27.0,6.0,0.58,54.0,25.0,62.0,17.0,20.0,27.0,6.0,54.0,0.58,6.951908837223001e-08
2021-04-03,31.0,优,101.0,21.0,29.0,23.0,6.0,0.59,55.0,31.0,101.0,21.0,29.0,23.0,6.0,55.0,0.59,3.6317046578769124e-08
2021-04-04,30.0,优,63.0,19.0,30.0,31.0,5.0,0.73,51.0,30.0,63.0,19.0,30.0,31.0,5.0,51.0,0.73,8.245585903451221e-09
2021-04-05,56.0,良,249.0,29.0,64.0,48.0,8.0,1.01,45.0,56.0,249.0,29.0,64.0,48.0,8.0,45.0,1.01,2.601050459821187e-08
2021-04-06,101.0,轻度污染,362.0,40.0,152.0,29.0,7.0,0.51,76.0,101.0,362.0,40.0,152.0,29.0,7.0,76.0,0.51,7.878619328495988e-08
2021-04-07,55.0,良,220.0,25.0,61.0,38.0,7.0,0.63,61.0,55.0,220.0,25.0,61.0,38.0,7.0,61.0,0.63,3.7345253133233405e-08
2021-04-08,56.0,良,236.0,32.0,64.0,39.0,7.0,0.73,61.0,56.0,236.0,32.0,64.0,39.0,7.0,61.0,0.73,1.50486627562655e-08
2021-04-09,45.0,优,140.0,26.0,45.0,26.0,8.0,0.63,76.0,45.0,140.0,26.0,45.0,26.0,8.0,76.0,0.63,1.494855717812275e-08
2021-04-10,34.0,优,47.0,21.0,33.0,25.0,9.0,0.6,59.0,34.0,47.0,21.0,33.0,25.0,9.0,59.0,0.6,1.4210358803385604e-08
2021-04-11,45.0,优,141.0,29.0,42.0,28.0,7.0,0.61,82.0,45.0,141.0,29.0,42.0,28.0,7.0,82.0,0.61,3.2568259236408455e-08
2021-04-12,68.0,良,285.0,28.0,87.0,32.0,8.0,0.57,70.0,68.0,285.0,28.0,87.0,32.0,8.0,70.0,0.57,9.952093091703356e-08
2021-04-13,71.0,良,320.0,34.0,94.0,28.0,8.0,0.5,60.0,71.0,320.0,34.0,94.0,28.0,8.0,60.0,0.5,8.67544537222295e-08
2021-04-14,64.0,良,307.0,28.0,77.0,34.0,14.0,0.62,64.0,64.0,307.0,28.0,77.0,34.0,14.0,64.0,0.62,6.026413192195299e-08
2021-04-15,88.0,良,282.0,33.0,127.0,27.0,7.0,0.49,84.0,88.0,282.0,33.0,127.0,27.0,7.0,84.0,0.49,9.7963448544867e-08
2021-04-16,91.0,良,249.0,34.0,132.0,41.0,10.0,0.6,59.0,91.0,249.0,34.0,132.0,41.0,10.0,59.0,0.6,6.902726148514694e-08
2021-04-17,80.0,良,264.0,31.0,110.0,49.0,16.0,0.66,50.0,80.0,264.0,31.0,110.0,49.0,16.0,50.0,0.66,4.987565178553661e-08
2021-04-18,79.0,良,300.0,32.0,109.0,46.0,16.0,0.76,61.0,79.0,300.0,32.0,109.0,46.0,16.0,61.0,0.76,2.9597405411781332e-08
2021-04-19,42.0,优,75.0,21.0,44.0,20.0,7.0,0.54,80.0,42.0,75.0,21.0,44.0,20.0,7.0,80.0,0.54,3.052866395430362e-08
2021-04-20,63.0,良,258.0,36.0,76.0,41.0,9.0,0.83,79.0,63.0,258.0,36.0,76.0,41.0,9.0,79.0,0.83,3.1607548773366256e-08
2021-04-21,64.0,良,310.0,33.0,77.0,42.0,10.0,0.77,69.0,64.0,310.0,33.0,77.0,42.0,10.0,69.0,0.77,2.6296541459988197e-08
2021-04-22,50.0,优,200.0,24.0,57.0,38.0,7.0,0.6,45.0,50.0,200.0,24.0,57.0,38.0,7.0,45.0,0.6,2.1331901408407017e-08
2021-04-23,47.0,优,160.0,24.0,47.0,36.0,9.0,0.73,41.0,47.0,160.0,24.0,47.0,36.0,9.0,41.0,0.73,1.1134656562966502e-08
2021-04-24,38.0,优,134.0,20.0,42.0,17.0,5.0,0.46,68.0,38.0,134.0,20.0,42.0,17.0,5.0,68.0,0.46,1.4772244971115046e-07
2021-04-25,78.0,良,349.0,42.0,107.0,28.0,8.0,0.48,53.0,78.0,349.0,42.0,107.0,28.0,8.0,53.0,0.48,9.811677139491025e-08
2021-04-26,305.0,严重污染,361.0,100.0,423.0,32.0,7.0,0.52,41.0,305.0,361.0,100.0,423.0,32.0,7.0,41.0,0.52,1.781075169632345e-07
2021-04-27,287.0,重度污染,361.0,84.0,359.0,37.0,7.0,0.53,46.0,287.0,361.0,84.0,359.0,37.0,7.0,46.0,0.53,1.5275132838885706e-07
2021-04-28,50.0,优,153.0,26.0,54.0,35.0,8.0,0.58,60.0,50.0,153.0,26.0,54.0,35.0,8.0,60.0,0.58,7.110976500443632e-08
2021-04-29,68.0,良,243.0,29.0,88.0,52.0,14.0,0.84,44.0,68.0,243.0,29.0,88.0,52.0,14.0,44.0,0.84,7.219437052363623e-08
2021-04-30,117.0,轻度污染,347.0,53.0,184.0,46.0,12.0,0.68,49.0,117.0,347.0,53.0,184.0,46.0,12.0,49.0,0.68,1.0593825948390225e-07
2021-05-01,80.0,良,330.0,36.0,109.0,51.0,15.0,0.81,51.0,80.0,330.0,36.0,109.0,51.0,15.0,51.0,0.81,4.166140372540539e-08
2021-05-02,76.0,良,331.0,31.0,101.0,41.0,10.0,0.65,65.0,76.0,331.0,31.0,101.0,41.0,10.0,65.0,0.65,3.061293738057679e-08
2021-05-03,106.0,轻度污染,342.0,48.0,163.0,29.0,9.0,0.54,63.0,106.0,342.0,48.0,163.0,29.0,9.0,63.0,0.54,1.7413462368729214e-07
2021-05-04,83.0,良,312.0,35.0,116.0,15.0,7.0,0.38,94.0,83.0,312.0,35.0,116.0,15.0,7.0,94.0,0.38,1.572291714841589e-07
2021-05-05,64.0,良,202.0,29.0,79.0,29.0,12.0,0.54,80.0,64.0,202.0,29.0,79.0,29.0,12.0,80.0,0.54,5.4961145978167585e-08
2021-05-06,130.0,轻度污染,325.0,54.0,194.0,45.0,17.0,0.74,63.0,130.0,325.0,54.0,194.0,45.0,17.0,63.0,0.74,6.551679115287626e-08
2021-05-07,233.0,重度污染,310.0,96.0,327.0,46.0,16.0,0.68,63.0,233.0,310.0,96.0,327.0,46.0,16.0,63.0,0.68,8.70263300169516e-08
2021-05-08,89.0,良,246.0,44.0,128.0,58.0,18.0,0.85,65.0,89.0,246.0,44.0,128.0,58.0,18.0,65.0,0.85,2.8481909996292624e-08
2021-05-09,78.0,良,300.0,32.0,105.0,51.0,19.0,0.78,70.0,78.0,300.0,32.0,105.0,51.0,19.0,70.0,0.78,2.0694093514901207e-08
2021-05-10,78.0,良,325.0,35.0,106.0,25.0,10.0,0.44,72.0,78.0,325.0,35.0,106.0,25.0,10.0,72.0,0.44,1.3638313106730853e-07
2021-05-11,52.0,良,262.0,25.0,55.0,28.0,8.0,0.45,78.0,52.0,262.0,25.0,55.0,28.0,8.0,78.0,0.45,5.728306207801752e-08
2021-05-12,58.0,良,275.0,24.0,65.0,47.0,14.0,0.7,70.0,58.0,275.0,24.0,65.0,47.0,14.0,70.0,0.7,2.5418966321657185e-08
2021-05-13,52.0,良,245.0,23.0,56.0,33.0,11.0,0.58,73.0,52.0,245.0,23.0,56.0,33.0,11.0,73.0,0.58,1.1128340071465245e-08
2021-05-14,74.0,良,333.0,37.0,99.0,16.0,7.0,0.38,74.0,74.0,333.0,37.0,99.0,16.0,7.0,74.0,0.38,1.8142804228269232e-07
2021-05-15,28.0,优,133.0,17.0,23.0,22.0,6.0,0.43,66.0,28.0,133.0,17.0,23.0,22.0,6.0,66.0,0.43,1.0691071202321751e-07
2021-05-16,39.0,优,324.0,18.0,36.0,33.0,9.0,0.53,61.0,39.0,324.0,18.0,36.0,33.0,9.0,61.0,0.53,3.695610969139235e-08
2021-05-17,47.0,优,309.0,19.0,45.0,36.0,11.0,0.5,80.0,47.0,309.0,19.0,45.0,36.0,11.0,80.0,0.5,1.6389301716781166e-08
2021-05-18,52.0,良,252.0,25.0,56.0,42.0,16.0,0.61,69.0,52.0,252.0,25.0,56.0,42.0,16.0,69.0,0.61,2.9578378466688393e-08
2021-05-19,44.0,优,183.0,21.0,43.0,29.0,8.0,0.47,82.0,44.0,183.0,21.0,43.0,29.0,8.0,82.0,0.47,8.363491884592684e-08
2021-05-20,56.0,良,278.0,24.0,63.0,55.0,16.0,0.73,59.0,56.0,278.0,24.0,63.0,55.0,16.0,59.0,0.73,3.122681900273857e-08
2021-05-21,64.0,良,297.0,30.0,77.0,63.0,16.0,0.7,45.0,64.0,297.0,30.0,77.0,63.0,16.0,45.0,0.7,1.7006874400511046e-08
2021-05-22,59.0,良,233.0,29.0,75.0,33.0,7.0,0.45,55.0,59.0,233.0,29.0,75.0,33.0,7.0,55.0,0.45,1.9059651341057852e-07
2021-05-23,41.0,优,195.0,20.0,41.0,33.0,9.0,0.57,60.0,41.0,195.0,20.0,41.0,33.0,9.0,60.0,0.57,1.0751391555778814e-07
2021-05-24,53.0,良,208.0,23.0,59.0,39.0,12.0,0.48,71.0,53.0,208.0,23.0,59.0,39.0,12.0,71.0,0.48,6.638267007997991e-08
2021-05-25,62.0,良,243.0,24.0,74.0,49.0,16.0,0.66,71.0,62.0,243.0,24.0,74.0,49.0,16.0,71.0,0.66,3.618781421002543e-08
2021-05-26,45.0,优,202.0,15.0,45.0,28.0,9.0,0.41,102.0,45.0,202.0,15.0,45.0,28.0,9.0,102.0,0.41,5.0293415455327176e-08
2021-05-27,67.0,良,311.0,26.0,82.0,50.0,18.0,0.7,73.0,67.0,311.0,26.0,82.0,50.0,18.0,73.0,0.7,5.5996296821025736e-08
2021-05-28,73.0,良,332.0,31.0,96.0,46.0,16.0,0.7,62.0,73.0,332.0,31.0,96.0,46.0,16.0,62.0,0.7,6.990236582742821e-08
2021-05-29,56.0,良,270.0,21.0,64.0,38.0,10.0,0.51,79.0,56.0,270.0,21.0,64.0,38.0,10.0,79.0,0.51,5.5147004851307207e-08
2021-05-30,69.0,良,309.0,26.0,82.0,50.0,13.0,0.7,85.0,69.0,309.0,26.0,82.0,50.0,13.0,85.0,0.7,9.050088735546156e-08
2021-05-31,178.0,中度污染,362.0,73.0,234.0,21.0,8.0,0.39,82.0,178.0,362.0,73.0,234.0,21.0,8.0,82.0,0.39,2.2741458616053234e-07
2021-06-01,58.0,良,277.0,28.0,68.0,36.0,10.0,0.49,79.0,58.0,277.0,28.0,68.0,36.0,10.0,79.0,0.49,1.0076293402842378e-07
2021-06-02,61.0,良,290.0,27.0,73.0,38.0,8.0,0.45,65.0,61.0,290.0,27.0,73.0,38.0,8.0,65.0,0.45,1.0331070594836257e-07
2021-06-03,53.0,良,325.0,23.0,56.0,30.0,8.0,0.39,76.0,53.0,325.0,23.0,56.0,30.0,8.0,76.0,0.39,6.995775052880231e-08
2021-06-04,57.0,良,319.0,20.0,62.0,49.0,16.0,0.65,76.0,57.0,319.0,20.0,62.0,49.0,16.0,76.0,0.65,1.7981091539317018e-08
2021-06-05,63.0,良,312.0,23.0,74.0,54.0,15.0,0.68,77.0,63.0,312.0,23.0,74.0,54.0,15.0,77.0,0.68,1.4844200165521835e-08
2021-06-06,101.0,轻度污染,351.0,47.0,149.0,54.0,18.0,0.67,52.0,101.0,351.0,47.0,149.0,54.0,18.0,52.0,0.67,4.350608068078509e-07
2021-06-07,54.0,良,179.0,24.0,58.0,29.0,10.0,0.47,86.0,54.0,179.0,24.0,58.0,29.0,10.0,86.0,0.47,3.392869986336292e-07
2021-06-08,45.0,优,180.0,21.0,49.0,20.0,8.0,0.39,91.0,45.0,180.0,21.0,49.0,20.0,8.0,91.0,0.39,1.0714928606614117e-07
2021-06-09,40.0,优,166.0,20.0,38.0,16.0,7.0,0.29,97.0,40.0,166.0,20.0,38.0,16.0,7.0,97.0,0.29,1.0503159343140111e-07
2021-06-10,55.0,良,311.0,21.0,59.0,30.0,10.0,0.48,90.0,55.0,311.0,21.0,59.0,30.0,10.0,90.0,0.48,5.604832413965324e-08
2021-06-11,38.0,优,163.0,16.0,34.0,24.0,7.0,0.46,98.0,38.0,163.0,16.0,34.0,24.0,7.0,98.0,0.46,6.895635425806632e-08
2021-06-12,52.0,良,250.0,19.0,51.0,38.0,12.0,0.65,77.0,52.0,250.0,19.0,51.0,38.0,12.0,77.0,0.65,1.2329040078465066e-08
2021-06-13,58.0,良,312.0,27.0,69.0,25.0,8.0,0.53,77.0,58.0,312.0,27.0,69.0,25.0,8.0,77.0,0.53,6.08605701839656e-08
2021-06-14,38.0,优,259.0,18.0,36.0,18.0,6.0,0.4,83.0,38.0,259.0,18.0,36.0,18.0,6.0,83.0,0.4,1.2264227574457114e-07
2021-06-15,61.0,良,355.0,28.0,75.0,33.0,9.0,0.57,49.0,61.0,355.0,28.0,75.0,33.0,9.0,49.0,0.57,9.576425957929562e-08
2021-06-16,34.0,优,223.0,17.0,35.0,15.0,8.0,0.36,77.0,34.0,223.0,17.0,35.0,15.0,8.0,77.0,0.36,1.1624303285170313e-07
2021-06-17,34.0,优,265.0,18.0,31.0,27.0,6.0,0.49,69.0,34.0,265.0,18.0,31.0,27.0,6.0,69.0,0.49,5.672856900547514e-08
2021-06-18,45.0,优,294.0,18.0,46.0,45.0,9.0,0.63,53.0,45.0,294.0,18.0,46.0,45.0,9.0,53.0,0.63,4.4114616719677294e-08
2021-06-19,51.0,良,294.0,17.0,52.0,42.0,8.0,0.51,71.0,51.0,294.0,17.0,52.0,42.0,8.0,71.0,0.51,2.5192602083420402e-08
2021-06-20,49.0,优,261.0,14.0,40.0,33.0,8.0,0.45,101.0,49.0,261.0,14.0,40.0,33.0,8.0,101.0,0.45,1.4539832963728442e-08
2021-06-21,85.0,良,349.0,36.0,120.0,48.0,15.0,0.63,77.0,85.0,349.0,36.0,120.0,48.0,15.0,77.0,0.63,1.0343045719698916e-08
2021-06-22,81.0,良,338.0,33.0,112.0,57.0,17.0,0.79,70.0,81.0,338.0,33.0,112.0,57.0,17.0,70.0,0.79,3.96402590088881e-09
2021-06-23,47.0,优,180.0,20.0,48.0,24.0,7.0,0.47,100.0,47.0,180.0,20.0,48.0,24.0,7.0,100.0,0.47,9.621083671141416e-09
2021-06-24,56.0,良,261.0,27.0,64.0,21.0,8.0,0.44,85.0,56.0,261.0,27.0,64.0,21.0,8.0,85.0,0.44,6.790038598147279e-08
2021-06-25,40.0,优,183.0,18.0,36.0,31.0,6.0,0.57,67.0,40.0,183.0,18.0,36.0,31.0,6.0,67.0,0.57,4.8924071275941835e-08
2021-06-26,47.0,优,274.0,20.0,47.0,35.0,7.0,0.48,70.0,47.0,274.0,20.0,47.0,35.0,7.0,70.0,0.48,1.830544818048099e-08
2021-06-27,51.0,良,303.0,19.0,48.0,32.0,10.0,0.53,89.0,51.0,303.0,19.0,48.0,32.0,10.0,89.0,0.53,3.6086007230729835e-09
2021-06-28,42.0,优,250.0,18.0,41.0,25.0,13.0,0.49,86.0,42.0,250.0,18.0,41.0,25.0,13.0,86.0,0.49,2.2008651247930015e-08
2021-06-29,44.0,优,251.0,19.0,43.0,27.0,10.0,0.5,89.0,44.0,251.0,19.0,43.0,27.0,10.0,89.0,0.5,5.6182919883600834e-08
2021-06-30,46.0,优,262.0,21.0,45.0,39.0,10.0,0.58,76.0,46.0,262.0,21.0,45.0,39.0,10.0,76.0,0.58,5.601967612276021e-08
2021-07-01,45.0,优,307.0,19.0,42.0,30.0,8.0,0.48,88.0,45.0,307.0,19.0,42.0,30.0,8.0,88.0,0.48,3.662234708073664e-08
2021-07-02,38.0,优,265.0,14.0,28.0,22.0,7.0,0.39,110.0,38.0,265.0,14.0,28.0,22.0,7.0,110.0,0.39,6.240582890585166e-08
2021-07-03,56.0,良,356.0,21.0,60.0,49.0,14.0,0.63,73.0,56.0,356.0,21.0,60.0,49.0,14.0,73.0,0.63,2.237948920765729e-08
2021-07-04,58.0,良,331.0,21.0,59.0,39.0,9.0,0.47,84.0,58.0,331.0,21.0,59.0,39.0,9.0,84.0,0.47,1.25307286249317e-08
2021-07-05,61.0,良,342.0,23.0,72.0,39.0,12.0,0.59,86.0,61.0,342.0,23.0,72.0,39.0,12.0,86.0,0.59,5.5995185737886885e-08
2021-07-06,40.0,优,248.0,17.0,35.0,26.0,12.0,0.45,99.0,40.0,248.0,17.0,35.0,26.0,12.0,99.0,0.45,1.4436664309391507e-08
2021-07-07,61.0,良,339.0,18.0,51.0,41.0,14.0,0.53,98.0,61.0,339.0,18.0,51.0,41.0,14.0,98.0,0.53,1.6133332171904946e-08
2021-07-08,59.0,良,332.0,21.0,60.0,44.0,14.0,0.69,88.0,59.0,332.0,21.0,60.0,44.0,14.0,88.0,0.69,1.3787880380454601e-08
2021-07-09,56.0,良,326.0,19.0,56.0,45.0,13.0,0.53,85.0,56.0,326.0,19.0,56.0,45.0,13.0,85.0,0.53,1.0062194723826074e-08
2021-07-10,47.0,优,288.0,18.0,48.0,36.0,7.0,0.44,82.0,47.0,288.0,18.0,48.0,36.0,7.0,82.0,0.44,8.584552424632244e-09
2021-07-11,53.0,良,333.0,18.0,48.0,35.0,12.0,0.62,91.0,53.0,333.0,18.0,48.0,35.0,12.0,91.0,0.62,3.398955294900691e-08
2021-07-12,43.0,优,292.0,17.0,37.0,33.0,14.0,0.48,93.0,43.0,292.0,17.0,37.0,33.0,14.0,93.0,0.48,3.2797337217784774e-08
2021-07-13,70.0,良,361.0,22.0,71.0,47.0,16.0,0.65,90.0,70.0,361.0,22.0,71.0,47.0,16.0,90.0,0.65,9.405491530618747e-09
2021-07-14,46.0,优,308.0,20.0,49.0,33.0,7.0,0.4,68.0,46.0,308.0,20.0,49.0,33.0,7.0,68.0,0.4,1.4788117607789081e-08
2021-07-15,33.0,优,210.0,12.0,28.0,26.0,5.0,0.4,77.0,33.0,210.0,12.0,28.0,26.0,5.0,77.0,0.4,1.0467056937367702e-08
2021-07-16,43.0,优,301.0,15.0,40.0,32.0,7.0,0.46,82.0,43.0,301.0,15.0,40.0,32.0,7.0,82.0,0.46,5.989703615313963e-09
2021-07-17,53.0,良,350.0,20.0,56.0,35.0,14.0,0.49,88.0,53.0,350.0,20.0,56.0,35.0,14.0,88.0,0.49,2.1039671042494617e-08
2021-07-18,56.0,良,353.0,16.0,49.0,37.0,10.0,0.52,102.0,56.0,353.0,16.0,49.0,37.0,10.0,102.0,0.52,1.067800906253256e-08
2021-07-19,55.0,良,353.0,18.0,46.0,33.0,14.0,0.49,107.0,55.0,353.0,18.0,46.0,33.0,14.0,107.0,0.49,5.377940340834813e-09
2021-07-20,42.0,优,321.0,14.0,38.0,21.0,7.0,0.44,103.0,42.0,321.0,14.0,38.0,21.0,7.0,103.0,0.44,3.7098985489167807e-09
2021-07-21,39.0,优,326.0,13.0,32.0,17.0,6.0,0.42,100.0,39.0,326.0,13.0,32.0,17.0,6.0,100.0,0.42,3.6569281743523692e-09
2021-07-22,44.0,优,340.0,15.0,37.0,19.0,7.0,0.42,101.0,44.0,340.0,15.0,37.0,19.0,7.0,101.0,0.42,2.4676746203033812e-09
2021-07-23,40.0,优,291.0,14.0,36.0,18.0,7.0,0.45,95.0,40.0,291.0,14.0,36.0,18.0,7.0,95.0,0.45,2.6639089396167643e-09
2021-07-24,42.0,优,293.0,15.0,39.0,19.0,7.0,0.42,94.0,42.0,293.0,15.0,39.0,19.0,7.0,94.0,0.42,3.4194547556484066e-09
2021-07-25,37.0,优,242.0,16.0,38.0,23.0,7.0,0.42,61.0,37.0,242.0,16.0,38.0,23.0,7.0,61.0,0.42,1.5078891710072487e-07
2021-07-26,36.0,优,219.0,16.0,32.0,28.0,6.0,0.43,94.0,36.0,219.0,16.0,32.0,28.0,6.0,94.0,0.43,4.239952008351309e-08
2021-07-27,56.0,良,351.0,22.0,63.0,46.0,12.0,0.75,65.0,56.0,351.0,22.0,63.0,46.0,12.0,65.0,0.75,4.44628099764082e-08
2021-07-28,54.0,良,344.0,17.0,45.0,37.0,9.0,0.54,94.0,54.0,344.0,17.0,45.0,37.0,9.0,94.0,0.54,4.697107773504047e-08
2021-07-29,55.0,良,353.0,18.0,53.0,52.0,13.0,0.66,83.0,55.0,353.0,18.0,53.0,52.0,13.0,83.0,0.66,2.8568062892231126e-08
2021-07-30,69.0,良,353.0,20.0,61.0,53.0,17.0,0.69,91.0,69.0,353.0,20.0,61.0,53.0,17.0,91.0,0.69,1.9233963859713808e-08
2021-07-31,77.0,良,353.0,24.0,72.0,56.0,18.0,0.75,99.0,77.0,353.0,24.0,72.0,56.0,18.0,99.0,0.75,7.81202089476599e-09
2021-08-01,71.0,良,350.0,21.0,66.0,50.0,17.0,0.69,104.0,71.0,350.0,21.0,66.0,50.0,17.0,104.0,0.69,2.594130288570687e-09
2021-08-02,70.0,良,353.0,29.0,89.0,34.0,9.0,0.53,96.0,70.0,353.0,29.0,89.0,34.0,9.0,96.0,0.53,4.5939875663377414e-08
2021-08-03,45.0,优,242.0,26.0,51.0,18.0,7.0,0.37,83.0,45.0,242.0,26.0,51.0,18.0,7.0,83.0,0.37,1.2915771878555644e-07
2021-08-04,44.0,优,255.0,15.0,38.0,34.0,9.0,0.58,88.0,44.0,255.0,15.0,38.0,34.0,9.0,88.0,0.58,3.714527385549791e-08
2021-08-05,62.0,良,351.0,18.0,50.0,37.0,11.0,0.54,109.0,62.0,351.0,18.0,50.0,37.0,11.0,109.0,0.54,3.430517187383818e-08
2021-08-06,56.0,良,323.0,22.0,63.0,46.0,16.0,0.67,78.0,56.0,323.0,22.0,63.0,46.0,16.0,78.0,0.67,2.8060175578270264e-08
2021-08-07,57.0,良,318.0,18.0,51.0,40.0,13.0,0.59,95.0,57.0,318.0,18.0,51.0,40.0,13.0,95.0,0.59,1.2056818652802325e-08
2021-08-08,72.0,良,352.0,33.0,95.0,16.0,9.0,0.37,113.0,72.0,352.0,33.0,95.0,16.0,9.0,113.0,0.37,1.1969180631918488e-07
2021-08-09,50.0,优,262.0,19.0,45.0,27.0,20.0,0.52,100.0,50.0,262.0,19.0,45.0,27.0,20.0,100.0,0.52,4.1543545891121074e-08
2021-08-10,46.0,优,263.0,17.0,40.0,24.0,9.0,0.43,105.0,46.0,263.0,17.0,40.0,24.0,9.0,105.0,0.43,2.7849048291939966e-08
2021-08-11,46.0,优,283.0,16.0,42.0,30.0,8.0,0.44,96.0,46.0,283.0,16.0,42.0,30.0,8.0,96.0,0.44,2.040380240262755e-08
2021-08-12,51.0,良,309.0,22.0,55.0,39.0,13.0,0.6,87.0,51.0,309.0,22.0,55.0,39.0,13.0,87.0,0.6,1.2260551900371306e-08
2021-08-13,75.0,良,364.0,28.0,75.0,54.0,15.0,0.83,92.0,75.0,364.0,28.0,75.0,54.0,15.0,92.0,0.83,1.4822535773624058e-08
2021-08-14,57.0,良,342.0,21.0,58.0,41.0,11.0,0.55,90.0,57.0,342.0,21.0,58.0,41.0,11.0,90.0,0.55,1.1891335734026493e-08
2021-08-15,41.0,优,265.0,16.0,40.0,14.0,6.0,0.5,93.0,41.0,265.0,16.0,40.0,14.0,6.0,93.0,0.5,1.5914850966970148e-08
2021-08-16,35.0,优,246.0,11.0,35.0,21.0,7.0,0.56,60.0,35.0,246.0,11.0,35.0,21.0,7.0,60.0,0.56,3.16655060724256e-09
2021-08-17,34.0,优,229.0,13.0,35.0,17.0,6.0,0.59,62.0,34.0,229.0,13.0,35.0,17.0,6.0,62.0,0.59,1.013796659578382e-08
2021-08-18,63.0,良,344.0,30.0,78.0,19.0,9.0,0.49,72.0,63.0,344.0,30.0,78.0,19.0,9.0,72.0,0.49,1.774087516729988e-07
2021-08-19,33.0,优,159.0,17.0,29.0,27.0,7.0,0.55,82.0,33.0,159.0,17.0,29.0,27.0,7.0,82.0,0.55,6.336856311792761e-08
2021-08-20,57.0,良,354.0,19.0,52.0,45.0,12.0,0.56,81.0,57.0,354.0,19.0,52.0,45.0,12.0,81.0,0.56,2.115491270709612e-08
2021-08-21,39.0,优,240.0,14.0,39.0,37.0,9.0,0.55,61.0,39.0,240.0,14.0,39.0,37.0,9.0,61.0,0.55,1.9897287615054255e-08
2021-08-22,44.0,优,240.0,16.0,41.0,39.0,8.0,0.54,73.0,44.0,240.0,16.0,41.0,39.0,8.0,73.0,0.54,5.76957441509923e-08
2021-08-23,54.0,良,333.0,23.0,60.0,32.0,13.0,0.5,72.0,54.0,333.0,23.0,60.0,32.0,13.0,72.0,0.5,6.93510969926624e-08
2021-08-24,49.0,优,317.0,21.0,50.0,30.0,14.0,0.5,81.0,49.0,317.0,21.0,50.0,30.0,14.0,81.0,0.5,5.4513046965882854e-08
2021-08-25,53.0,良,316.0,20.0,59.0,39.0,15.0,0.62,41.0,53.0,316.0,20.0,59.0,39.0,15.0,41.0,0.62,4.082357485853175e-08
2021-08-26,52.0,良,306.0,20.0,52.0,43.0,14.0,0.63,68.0,52.0,306.0,20.0,52.0,43.0,14.0,68.0,0.63,2.3113265380923245e-08
2021-08-27,52.0,良,339.0,18.0,55.0,41.0,14.0,0.57,69.0,52.0,339.0,18.0,55.0,41.0,14.0,69.0,0.57,9.660984819267255e-09
2021-08-28,47.0,优,296.0,20.0,44.0,24.0,11.0,0.53,97.0,47.0,296.0,20.0,44.0,24.0,11.0,97.0,0.53,1.9071135736732432e-08
2021-08-29,48.0,优,308.0,18.0,48.0,35.0,15.0,0.55,81.0,48.0,308.0,18.0,48.0,35.0,15.0,81.0,0.55,6.3406358669122975e-09
2021-08-30,31.0,优,172.0,15.0,31.0,23.0,7.0,0.51,68.0,31.0,172.0,15.0,31.0,23.0,7.0,68.0,0.51,5.18341795836643e-09
2021-08-31,44.0,优,293.0,21.0,44.0,40.0,10.0,0.66,66.0,44.0,293.0,21.0,44.0,40.0,10.0,66.0,0.66,4.016819808835529e-09
2021-09-01,49.0,优,304.0,19.0,47.0,38.0,11.0,0.67,73.0,49.0,304.0,19.0,47.0,38.0,11.0,73.0,0.67,4.88709438023376e-09
2021-09-02,41.0,优,236.0,14.0,38.0,29.0,8.0,0.59,61.0,41.0,236.0,14.0,38.0,29.0,8.0,61.0,0.59,1.970211991799011e-09
2021-09-03,32.0,优,135.0,15.0,32.0,26.0,9.0,0.57,60.0,32.0,135.0,15.0,32.0,26.0,9.0,60.0,0.57,4.016770376907805e-08
2021-09-04,57.0,良,353.0,25.0,64.0,36.0,12.0,0.62,63.0,57.0,353.0,25.0,64.0,36.0,12.0,63.0,0.62,5.692010237401344e-08
2021-09-05,47.0,优,325.0,20.0,52.0,38.0,10.0,0.6,55.0,47.0,325.0,20.0,52.0,38.0,10.0,55.0,0.6,6.256846179358353e-08
2021-09-06,39.0,优,277.0,16.0,34.0,37.0,12.0,0.65,68.0,39.0,277.0,16.0,34.0,37.0,12.0,68.0,0.65,5.860867380750615e-08
2021-09-07,55.0,良,352.0,22.0,59.0,51.0,15.0,0.8,62.0,55.0,352.0,22.0,59.0,51.0,15.0,62.0,0.8,1.9140143922356554e-08
2021-09-08,57.0,良,343.0,22.0,61.0,48.0,18.0,0.77,70.0,57.0,343.0,22.0,61.0,48.0,18.0,70.0,0.77,1.0627401619596756e-08
2021-09-09,53.0,良,295.0,21.0,53.0,41.0,16.0,0.7,83.0,53.0,295.0,21.0,53.0,41.0,16.0,83.0,0.7,1.2780591429291575e-08
2021-09-10,58.0,良,293.0,22.0,64.0,56.0,22.0,0.88,66.0,58.0,293.0,22.0,64.0,56.0,22.0,66.0,0.88,1.267856678605912e-08
2021-09-11,50.0,优,233.0,20.0,49.0,33.0,9.0,0.55,75.0,50.0,233.0,20.0,49.0,33.0,9.0,75.0,0.55,6.428501961459134e-09
2021-09-12,40.0,优,183.0,17.0,38.0,20.0,7.0,0.5,79.0,40.0,183.0,17.0,38.0,20.0,7.0,79.0,0.5,3.4511714990330137e-09
2021-09-13,39.0,优,209.0,16.0,38.0,20.0,7.0,0.52,66.0,39.0,209.0,16.0,38.0,20.0,7.0,66.0,0.52,3.6042073627320975e-09
2021-09-14,25.0,优,61.0,11.0,24.0,24.0,7.0,0.55,61.0,25.0,61.0,11.0,24.0,24.0,7.0,61.0,0.55,3.114280388922512e-08
2021-09-15,22.0,优,38.0,10.0,16.0,24.0,5.0,0.5,67.0,22.0,38.0,10.0,16.0,24.0,5.0,67.0,0.5,4.806079548254817e-08
2021-09-16,30.0,优,148.0,14.0,27.0,37.0,7.0,0.53,53.0,30.0,148.0,14.0,27.0,37.0,7.0,53.0,0.53,3.131890692096832e-08
2021-09-17,43.0,优,230.0,15.0,41.0,38.0,8.0,0.6,54.0,43.0,230.0,15.0,41.0,38.0,8.0,54.0,0.6,2.0379955032715073e-08
2021-09-18,30.0,优,117.0,15.0,30.0,32.0,8.0,0.5,57.0,30.0,117.0,15.0,30.0,32.0,8.0,57.0,0.5,2.103916478284952e-08
2021-09-19,34.0,优,188.0,16.0,34.0,35.0,8.0,0.48,59.0,34.0,188.0,16.0,34.0,35.0,8.0,59.0,0.48,4.6406868252641815e-08
2021-09-20,52.0,良,349.0,20.0,55.0,46.0,11.0,0.8,51.0,52.0,349.0,20.0,55.0,46.0,11.0,51.0,0.8,3.898441944587413e-08
2021-09-21,62.0,良,361.0,28.0,73.0,59.0,17.0,0.95,54.0,62.0,361.0,28.0,73.0,59.0,17.0,54.0,0.95,1.3150414314361803e-08
2021-09-22,46.0,优,248.0,20.0,46.0,37.0,9.0,0.55,60.0,46.0,248.0,20.0,46.0,37.0,9.0,60.0,0.55,3.750353916315251e-09
2021-09-23,50.0,优,253.0,20.0,51.0,42.0,11.0,0.79,59.0,50.0,253.0,20.0,51.0,42.0,11.0,59.0,0.79,5.515414388340978e-09
2021-09-24,42.0,优,245.0,20.0,42.0,28.0,14.0,0.52,61.0,42.0,245.0,20.0,42.0,28.0,14.0,61.0,0.52,7.110766419519155e-09
2021-09-25,42.0,优,291.0,19.0,42.0,40.0,9.0,0.63,41.0,42.0,291.0,19.0,42.0,40.0,9.0,41.0,0.63,9.002811220766822e-09
2021-09-26,54.0,良,318.0,23.0,60.0,38.0,10.0,0.53,56.0,54.0,318.0,23.0,60.0,38.0,10.0,56.0,0.53,2.0376703887807168e-07
2021-09-27,62.0,良,318.0,28.0,74.0,58.0,11.0,0.97,35.0,62.0,318.0,28.0,74.0,58.0,11.0,35.0,0.97,4.258306320767257e-08
2021-09-28,66.0,良,310.0,32.0,82.0,61.0,14.0,1.16,43.0,66.0,310.0,32.0,82.0,61.0,14.0,43.0,1.16,3.2630075502411785e-08
2021-09-29,65.0,良,331.0,29.0,80.0,66.0,16.0,0.95,42.0,65.0,331.0,29.0,80.0,66.0,16.0,42.0,0.95,1.7346012280319766e-08
2021-09-30,65.0,良,331.0,29.0,79.0,57.0,16.0,0.99,54.0,65.0,331.0,29.0,79.0,57.0,16.0,54.0,0.99,1.1858618959788765e-08
2021-10-01,64.0,良,309.0,28.0,77.0,60.0,18.0,0.95,53.0,64.0,309.0,28.0,77.0,60.0,18.0,53.0,0.95,1.6100658398203417e-08
2021-10-02,58.0,良,253.0,24.0,67.0,52.0,20.0,0.9,43.0,58.0,253.0,24.0,67.0,52.0,20.0,43.0,0.9,6.205138467242974e-09
2021-10-03,59.0,良,290.0,26.0,71.0,26.0,8.0,0.53,55.0,59.0,290.0,26.0,71.0,26.0,8.0,55.0,0.53,1.497118924372112e-07
2021-10-04,44.0,优,272.0,22.0,45.0,20.0,8.0,0.52,62.0,44.0,272.0,22.0,45.0,20.0,8.0,62.0,0.52,1.586113929387975e-07
2021-10-05,46.0,优,291.0,26.0,45.0,23.0,8.0,0.57,57.0,46.0,291.0,26.0,45.0,23.0,8.0,57.0,0.57,2.468622177110491e-08
2021-10-06,48.0,优,304.0,30.0,51.0,35.0,8.0,0.83,46.0,48.0,304.0,30.0,51.0,35.0,8.0,46.0,0.83,3.257074355106371e-08
2021-10-07,60.0,良,348.0,36.0,70.0,49.0,12.0,0.96,45.0,60.0,348.0,36.0,70.0,49.0,12.0,45.0,0.96,2.1504767906482773e-08
2021-10-08,44.0,优,291.0,22.0,45.0,28.0,7.0,0.69,58.0,44.0,291.0,22.0,45.0,28.0,7.0,58.0,0.69,1.2075009275550801e-08
2021-10-09,72.0,良,336.0,32.0,95.0,17.0,7.0,0.39,57.0,72.0,336.0,32.0,95.0,17.0,7.0,57.0,0.39,4.367384010838512e-07
2021-10-10,45.0,优,286.0,19.0,46.0,28.0,7.0,0.52,51.0,45.0,286.0,19.0,46.0,28.0,7.0,51.0,0.52,1.4193979984921924e-07
2021-10-11,36.0,优,262.0,19.0,35.0,32.0,7.0,0.62,47.0,36.0,262.0,19.0,35.0,32.0,7.0,47.0,0.62,3.096521366251502e-08
2021-10-12,36.0,优,222.0,19.0,37.0,24.0,6.0,0.55,37.0,36.0,222.0,19.0,37.0,24.0,6.0,37.0,0.55,2.8504996134421897e-08
2021-10-13,82.0,良,355.0,38.0,113.0,33.0,9.0,0.45,58.0,82.0,355.0,38.0,113.0,33.0,9.0,58.0,0.45,1.1141274999242232e-07
2021-10-14,65.0,良,315.0,36.0,80.0,39.0,10.0,0.59,52.0,65.0,315.0,36.0,80.0,39.0,10.0,52.0,0.59,1.3596993526638384e-07
2021-10-15,52.0,良,299.0,28.0,57.0,34.0,6.0,0.54,56.0,52.0,299.0,28.0,57.0,34.0,6.0,56.0,0.54,9.19569751059719e-08
2021-10-16,54.0,良,332.0,33.0,57.0,47.0,6.0,0.62,30.0,54.0,332.0,33.0,57.0,47.0,6.0,30.0,0.62,3.9858856703012796e-08
2021-10-17,56.0,良,334.0,32.0,63.0,52.0,8.0,0.76,30.0,56.0,334.0,32.0,63.0,52.0,8.0,30.0,0.76,1.9762026148405066e-08
2021-10-18,59.0,良,299.0,30.0,68.0,46.0,10.0,0.67,38.0,59.0,299.0,30.0,68.0,46.0,10.0,38.0,0.67,5.408475402649601e-08
2021-10-19,60.0,良,299.0,33.0,70.0,56.0,8.0,0.77,20.0,60.0,299.0,33.0,70.0,56.0,8.0,20.0,0.77,3.9507616376323956e-08
2021-10-20,52.0,良,288.0,34.0,54.0,41.0,11.0,0.65,41.0,52.0,288.0,34.0,54.0,41.0,11.0,41.0,0.65,3.0771391447882594e-08
2021-10-21,56.0,良,271.0,34.0,62.0,46.0,8.0,0.63,41.0,56.0,271.0,34.0,62.0,46.0,8.0,41.0,0.63,2.8039239186774908e-08
2021-10-22,58.0,良,248.0,37.0,65.0,45.0,8.0,0.7,45.0,58.0,248.0,37.0,65.0,45.0,8.0,45.0,0.7,1.3486895435230696e-08
2021-10-23,55.0,良,232.0,35.0,58.0,38.0,7.0,0.7,42.0,55.0,232.0,35.0,58.0,38.0,7.0,42.0,0.7,1.1402252326775517e-08
2021-10-24,55.0,良,205.0,36.0,60.0,41.0,9.0,0.85,32.0,55.0,205.0,36.0,60.0,41.0,9.0,32.0,0.85,1.2327268029774407e-08
2021-10-25,47.0,优,122.0,28.0,49.0,31.0,8.0,0.6,42.0,47.0,122.0,28.0,49.0,31.0,8.0,42.0,0.6,2.6390971262866523e-08
2021-10-26,57.0,良,189.0,31.0,64.0,25.0,10.0,0.6,64.0,57.0,189.0,31.0,64.0,25.0,10.0,64.0,0.6,1.3531082612482769e-07
2021-10-27,60.0,良,217.0,42.0,67.0,40.0,17.0,0.81,37.0,60.0,217.0,42.0,67.0,40.0,17.0,37.0,0.81,4.997981352982735e-08
2021-10-28,62.0,良,208.0,41.0,73.0,46.0,11.0,0.88,38.0,62.0,208.0,41.0,73.0,46.0,11.0,38.0,0.88,3.066479836017571e-08
2021-10-29,62.0,良,200.0,38.0,74.0,53.0,12.0,0.92,47.0,62.0,200.0,38.0,74.0,53.0,12.0,47.0,0.92,2.3905770948152285e-08
2021-10-30,59.0,良,172.0,37.0,69.0,47.0,13.0,0.88,40.0,59.0,172.0,37.0,69.0,47.0,13.0,40.0,0.88,2.9097152188400024e-08
2021-10-31,54.0,良,185.0,28.0,59.0,40.0,14.0,0.65,52.0,54.0,185.0,28.0,59.0,40.0,14.0,52.0,0.65,3.8784314144538694e-08
2021-11-01,48.0,优,156.0,28.0,50.0,42.0,11.0,0.8,32.0,48.0,156.0,28.0,50.0,42.0,11.0,32.0,0.8,2.720124337309606e-08
2021-11-02,51.0,良,149.0,30.0,53.0,40.0,10.0,0.7,42.0,51.0,149.0,30.0,53.0,40.0,10.0,42.0,0.7,3.141527058341903e-08
2021-11-03,58.0,良,182.0,34.0,65.0,53.0,15.0,0.98,34.0,58.0,182.0,34.0,65.0,53.0,15.0,34.0,0.98,1.4011731895251279e-08
2021-11-04,66.0,良,216.0,46.0,77.0,58.0,15.0,1.13,25.0,66.0,216.0,46.0,77.0,58.0,15.0,25.0,1.13,3.898032595732721e-09
2021-11-05,124.0,轻度污染,322.0,60.0,154.0,50.0,15.0,1.05,37.0,124.0,322.0,60.0,154.0,50.0,15.0,37.0,1.05,7.887694670403621e-08
2021-11-06,90.0,良,307.0,33.0,130.0,12.0,6.0,0.26,61.0,90.0,307.0,33.0,130.0,12.0,6.0,61.0,0.26,2.3103699060767281e-07
2021-11-07,64.0,良,351.0,28.0,79.0,36.0,11.0,0.65,50.0,64.0,351.0,28.0,79.0,36.0,11.0,50.0,0.65,7.793552952020886e-08
2021-11-08,63.0,良,351.0,39.0,75.0,54.0,19.0,0.89,32.0,63.0,351.0,39.0,75.0,54.0,19.0,32.0,0.89,7.943736475242734e-09
2021-11-09,58.0,良,322.0,35.0,64.0,61.0,19.0,0.9,32.0,58.0,322.0,35.0,64.0,61.0,19.0,32.0,0.9,1.157459052601307e-08
2021-11-10,58.0,良,315.0,35.0,66.0,48.0,18.0,0.78,39.0,58.0,315.0,35.0,66.0,48.0,18.0,39.0,0.78,3.2967331557289244e-08
2021-11-11,51.0,良,206.0,24.0,55.0,41.0,13.0,0.6,47.0,51.0,206.0,24.0,55.0,41.0,13.0,47.0,0.6,5.498784790783257e-08
2021-11-12,68.0,良,292.0,39.0,84.0,68.0,16.0,0.99,31.0,68.0,292.0,39.0,84.0,68.0,16.0,31.0,0.99,2.43915820111004e-08
2021-11-13,73.0,良,266.0,49.0,94.0,71.0,25.0,1.16,26.0,73.0,266.0,49.0,94.0,71.0,25.0,26.0,1.16,1.5697682137347333e-08
2021-11-14,71.0,良,231.0,43.0,91.0,63.0,22.0,0.97,30.0,71.0,231.0,43.0,91.0,63.0,22.0,30.0,0.97,2.9124752329010667e-08
2021-11-15,81.0,良,258.0,50.0,111.0,71.0,26.0,1.13,28.0,81.0,258.0,50.0,111.0,71.0,26.0,28.0,1.13,2.5934659779420247e-08
2021-11-16,99.0,良,279.0,71.0,139.0,85.0,30.0,1.5,14.0,99.0,279.0,71.0,139.0,85.0,30.0,14.0,1.5,2.3899523786145707e-08
2021-11-17,106.0,轻度污染,282.0,71.0,160.0,90.0,26.0,1.58,20.0,106.0,282.0,71.0,160.0,90.0,26.0,20.0,1.58,3.44522163985976e-08
2021-11-18,87.0,良,242.0,57.0,122.0,87.0,21.0,1.68,22.0,87.0,242.0,57.0,122.0,87.0,21.0,22.0,1.68,1.3568908554716788e-08
2021-11-19,86.0,良,269.0,43.0,122.0,54.0,20.0,0.98,32.0,86.0,269.0,43.0,122.0,54.0,20.0,32.0,0.98,7.189373688802008e-08
2021-11-20,96.0,良,311.0,39.0,143.0,40.0,14.0,0.58,41.0,96.0,311.0,39.0,143.0,40.0,14.0,41.0,0.58,1.2135331892952962e-07
2021-11-21,72.0,良,272.0,31.0,95.0,37.0,18.0,0.58,41.0,72.0,272.0,31.0,95.0,37.0,18.0,41.0,0.58,1.5261892865921933e-07
2021-11-22,77.0,良,337.0,45.0,103.0,65.0,20.0,0.98,21.0,77.0,337.0,45.0,103.0,65.0,20.0,21.0,0.98,5.518966641498467e-08
2021-11-23,102.0,轻度污染,360.0,69.0,152.0,89.0,23.0,1.46,16.0,102.0,360.0,69.0,152.0,89.0,23.0,16.0,1.46,1.793806843187058e-08
2021-11-24,101.0,轻度污染,351.0,71.0,149.0,93.0,29.0,1.58,16.0,101.0,351.0,71.0,149.0,93.0,29.0,16.0,1.58,3.0361898952518895e-08
2021-11-25,93.0,良,308.0,64.0,131.0,92.0,30.0,1.51,19.0,93.0,308.0,64.0,131.0,92.0,30.0,19.0,1.51,2.8001637407599148e-08
2021-11-26,92.0,良,278.0,65.0,128.0,92.0,34.0,1.61,13.0,92.0,278.0,65.0,128.0,92.0,34.0,13.0,1.61,2.0216815817379163e-08
2021-11-27,100.0,良,301.0,71.0,142.0,97.0,32.0,1.73,18.0,100.0,301.0,71.0,142.0,97.0,32.0,18.0,1.73,4.628630118237352e-09
2021-11-28,75.0,良,244.0,43.0,101.0,56.0,18.0,1.04,26.0,75.0,244.0,43.0,101.0,56.0,18.0,26.0,1.04,7.055109700042868e-08
2021-11-29,84.0,良,283.0,36.0,118.0,39.0,12.0,0.69,47.0,84.0,283.0,36.0,118.0,39.0,12.0,47.0,0.69,8.804544023740995e-08
2021-11-30,85.0,良,359.0,52.0,122.0,71.0,16.0,1.18,13.0,85.0,359.0,52.0,122.0,71.0,16.0,13.0,1.18,2.3860495647311203e-08
2021-12-01,86.0,良,357.0,59.0,121.0,71.0,24.0,1.3,15.0,86.0,357.0,59.0,121.0,71.0,24.0,15.0,1.3,1.3272158306389656e-08
2021-12-02,85.0,良,350.0,57.0,117.0,79.0,30.0,1.44,14.0,85.0,350.0,57.0,117.0,79.0,30.0,14.0,1.44,1.779253215205446e-08
2021-12-03,100.0,良,347.0,72.0,141.0,94.0,35.0,1.74,15.0,100.0,347.0,72.0,141.0,94.0,35.0,15.0,1.74,9.671805073121373e-09
2021-12-04,92.0,良,319.0,68.0,127.0,88.0,32.0,1.56,15.0,92.0,319.0,68.0,127.0,88.0,32.0,15.0,1.56,8.545518797644937e-09
2021-12-05,98.0,良,293.0,70.0,130.0,96.0,31.0,1.7,18.0,98.0,293.0,70.0,130.0,96.0,31.0,18.0,1.7,1.2366245371017825e-08
2021-12-06,87.0,良,259.0,63.0,119.0,88.0,35.0,1.58,16.0,87.0,259.0,63.0,119.0,88.0,35.0,16.0,1.58,3.819003601219217e-08
2021-12-07,81.0,良,273.0,52.0,116.0,71.0,32.0,1.33,7.0,81.0,273.0,52.0,116.0,71.0,32.0,7.0,1.33,3.4223652621943945e-08
2021-12-08,100.0,良,306.0,64.0,148.0,76.0,22.0,1.44,13.0,100.0,306.0,64.0,148.0,76.0,22.0,13.0,1.44,3.569564643388409e-08
2021-12-09,86.0,良,219.0,57.0,121.0,78.0,23.0,1.34,18.0,86.0,219.0,57.0,121.0,78.0,23.0,18.0,1.34,1.9735668666597955e-08
2021-12-10,64.0,良,112.0,37.0,79.0,72.0,17.0,1.14,17.0,64.0,112.0,37.0,79.0,72.0,17.0,17.0,1.14,3.1344638392161184e-08
2021-12-11,48.0,优,89.0,24.0,49.0,30.0,12.0,0.5,52.0,48.0,89.0,24.0,49.0,30.0,12.0,52.0,0.5,9.838959379447677e-08
2021-12-12,55.0,良,194.0,36.0,64.0,50.0,12.0,0.84,35.0,55.0,194.0,36.0,64.0,50.0,12.0,35.0,0.84,5.811102368902597e-08
2021-12-13,85.0,良,326.0,60.0,109.0,74.0,19.0,1.29,14.0,85.0,326.0,60.0,109.0,74.0,19.0,14.0,1.29,1.0502343415643245e-08
2021-12-14,80.0,良,239.0,58.0,103.0,70.0,25.0,1.26,19.0,80.0,239.0,58.0,103.0,70.0,25.0,19.0,1.26,8.401209520860498e-09
2021-12-15,67.0,良,134.0,45.0,83.0,63.0,21.0,1.05,23.0,67.0,134.0,45.0,83.0,63.0,21.0,23.0,1.05,3.1065031673913303e-08
2021-12-16,69.0,良,192.0,30.0,88.0,46.0,13.0,0.6,42.0,69.0,192.0,30.0,88.0,46.0,13.0,42.0,0.6,8.92233741836793e-08
2021-12-17,62.0,良,291.0,34.0,75.0,66.0,18.0,0.88,22.0,62.0,291.0,34.0,75.0,66.0,18.0,22.0,0.88,6.886985516691522e-08
2021-12-18,77.0,良,350.0,51.0,103.0,77.0,30.0,1.31,12.0,77.0,350.0,51.0,103.0,77.0,30.0,12.0,1.31,2.751817080552227e-08
2021-12-19,90.0,良,340.0,64.0,121.0,86.0,35.0,1.6,10.0,90.0,340.0,64.0,121.0,86.0,35.0,10.0,1.6,1.5455269061066332e-08
2021-12-20,103.0,轻度污染,352.0,76.0,141.0,96.0,30.0,2.01,11.0,103.0,352.0,76.0,141.0,96.0,30.0,11.0,2.01,5.518585811931206e-09
2021-12-21,104.0,轻度污染,300.0,73.0,150.0,100.0,32.0,2.6,11.0,104.0,300.0,73.0,150.0,100.0,32.0,11.0,2.6,9.584135975112424e-09
2021-12-22,81.0,良,207.0,48.0,113.0,76.0,34.0,2.52,15.0,81.0,207.0,48.0,113.0,76.0,34.0,15.0,2.52,3.894017727400763e-08
2021-12-23,74.0,良,171.0,43.0,98.0,74.0,29.0,2.12,17.0,74.0,171.0,43.0,98.0,74.0,29.0,17.0,2.12,2.5086449134921974e-08
2021-12-24,70.0,良,211.0,38.0,89.0,58.0,26.0,1.82,26.0,70.0,211.0,38.0,89.0,58.0,26.0,26.0,1.82,2.664270744329184e-08
2021-12-25,61.0,良,266.0,33.0,73.0,30.0,20.0,0.68,45.0,61.0,266.0,33.0,73.0,30.0,20.0,45.0,0.68,3.594211583760373e-08
2021-12-26,58.0,良,287.0,37.0,65.0,38.0,18.0,0.78,40.0,58.0,287.0,37.0,65.0,38.0,18.0,40.0,0.78,3.1353814384917756e-08
2021-12-27,80.0,良,296.0,58.0,97.0,62.0,26.0,1.69,18.0,80.0,296.0,58.0,97.0,62.0,26.0,18.0,1.69,1.2669278536887383e-08
2021-12-28,91.0,良,295.0,67.0,113.0,67.0,25.0,2.14,16.0,91.0,295.0,67.0,113.0,67.0,25.0,16.0,2.14,2.3285320345070432e-08
2021-12-29,95.0,良,317.0,69.0,121.0,78.0,28.0,2.61,11.0,95.0,317.0,69.0,121.0,78.0,28.0,11.0,2.61,4.791944598664445e-08
2021-12-30,110.0,轻度污染,327.0,83.0,140.0,83.0,27.0,2.68,17.0,110.0,327.0,83.0,140.0,83.0,27.0,17.0,2.68,2.594893639696526e-08
2021-12-31,75.0,良,184.0,51.0,95.0,72.0,26.0,1.28,22.0,75.0,184.0,51.0,95.0,72.0,26.0,22.0,1.28,2.064081250788866e-08
